,,,,,,,,,,,,,,,,,,,,,,,,,,,,,,bank denies loan/problem with loan,gets in accident/crashes car,car breaks down/needs repairs,gets scammed,other,car is a transformer or alive,"gets something other than new car (bike, motorcycle, uber)",gets money from old car or its parts (from dealer or other offer),wins lottery/gets  money (not from selling car),bank approved loan,gets car other way,"gets a good deal on the new car (less expensive, trade in goo value)",decides to keep old car,car worth more than expected,negative,positive,neither,Word Given in Scenario,Word Not Given,controllable,uncontrollable,neither
,random,session_id,participant_id,status,started_datetime,completed_date_time,time_taken,age,reviewed_at_datetime,entered_code,Nationality,Sex,Response ID,Time Started,Date Submitted,Status,Contact ID,Legacy Comments,Comments,Language,Referer,SessionID,valence_condition,means_condition,user_id,material.variable,material,variable,response,ll_neg_ans1,ll_neg_ans2,ll_neg_ans3,ll_neg_ans4,ll_other,ll_other1,ll_other2,ll_pos_ans1,ll_pos_ans2,ll_pos_ans3,ll_pos_ans4,ll_pos_ans5,ll_pos_ans6,ll_pos_ans7,neg,pos,neither,goal_object,non_goal_object,controllable,uncontrollable,neither_control
3418,0.661568697,5f5b8ebadae8082ed20b93fb,5a0c4184fe645f0001e9f5dd,APPROVED,50:39.5,01:16.4,636.891,36,40:49.9,510FA8B2,United Kingdom,Female,29,"Sep 11, 2020 10:50:41 am","Sep 11, 2020 11:01:11 am",Complete,,,,English,,1599835841_5f5b8ec1b66b21.58174034,positive,absent,5a0c4184fe645f0001e9f5dd,lucy_loan.response,lucy_loan,response,Someone she knows is looking for a car and is happy to pay her more than she expected.,,,,,,,,,,,,,,1,,1,,1,,,1,
3485,0.867688758,5f5b66ae6c48aa07556fd141,5c3811791ede2b000115555b,APPROVED,59:45.1,11:01.4,676.227,35,16:35.9,4DE9B385,United States,Male,35,"Sep 11, 2020 7:59:46 am","Sep 11, 2020 8:10:58 am",Complete,,,,English,,1599825586_5f5b66b2ce0642.11886456,positive,present,5c3811791ede2b000115555b,lucy_loan.response,lucy_loan,response,Lucy gets hit with a huge car insurance bill for her new car.,,,,,1,,,,,,,,,,1,,,1,,,,1
3340,0.916670263,5f5ced7ac81d3650b69f07be,5f5a5ff6b17ec410b0b437f9,APPROVED,51:45.8,35:32.8,2626.953,44,09:24.5,3833C7F5,United States,,18,"Sep 12, 2020 11:52:00 am","Sep 12, 2020 12:35:24 pm",Complete,,,,English,,1599925919_5f5cee9fe59874.43723846,negative,absent,5f5a5ff6b17ec410b0b437f9,lucy_loan.response,lucy_loan,response,I don't think she got a loan from the bank,1,,,,,,,,,,,,,,1,,,1,,,,1
3483,0.215043252,5f5b669a1c93d2292d694c00,5d66c1382d1a18000170759b,APPROVED,01:27.9,09:30.1,482.158,25,16:32.0,4DE9B385,United Kingdom,Female,44,"Sep 11, 2020 8:01:29 am","Sep 11, 2020 8:09:27 am",Complete,,,,English,,1599825689_5f5b6719c4d1e6.88616502,positive,present,5d66c1382d1a18000170759b,lucy_loan.response,lucy_loan,response,Someone offers her more money than the dealer,,,,,,,,1,,,,,,,,1,,1,,,1,
3398,0.699693396,5f5b8d91d39af52e8a670acd,5adf2a17c2b5db0001d8dc29,APPROVED,45:42.5,04:28.9,1126.389,44,40:10.6,510FA8B2,United Kingdom,Female,8,"Sep 11, 2020 10:45:44 am","Sep 11, 2020 11:04:26 am",Complete,,,,English,,1599835544_5f5b8d98ba73c9.26206518,positive,absent,5adf2a17c2b5db0001d8dc29,lucy_loan.response,lucy_loan,response,SHe says she will sell it anyway as she has too many children to fit into her current car ,,,,,1,,,,,,,,,,,,1,1,,1,,
3380,0.739069214,5f5cf0b7b79c5f0b9cc58fa6,5bfc0eb58422770001d9b668,APPROVED,00:55.4,13:41.0,765.554,36,10:46.9,3833C7F5,United Kingdom,Female,43,"Sep 12, 2020 12:00:59 pm","Sep 12, 2020 12:13:33 pm",Complete,,,,English,,1599926459_5f5cf0bbcf2df8.41541557,negative,absent,5bfc0eb58422770001d9b668,lucy_loan.response,lucy_loan,response,someone comes and buys her old car,,,,,,,,1,,,,,,,,1,,1,,,1,
3378,0.180750502,5f5cf08fd39af550d0f22342,5c3cb9759883d4000141f800,APPROVED,00:20.4,30:51.7,1831.238,49,10:42.4,3833C7F5,United Kingdom,Male,44,"Sep 12, 2020 12:00:23 pm","Sep 12, 2020 12:30:47 pm",Complete,,,,English,,1599926423_5f5cf097272801.33303798,negative,absent,5c3cb9759883d4000141f800,lucy_loan.response,lucy_loan,response,the car dealer offers her a great deal,,,,,,,,1,,,,,,,,1,,1,,,1,
3410,0.362086028,5f5b8e292be30c2ec8597664,5ed814fc9e50c230c1efb63c,APPROVED,49:39.0,03:44.7,845.653,47,40:33.9,510FA8B2,United Kingdom,Male,21,"Sep 11, 2020 10:49:41 am","Sep 11, 2020 11:03:42 am",Complete,,,,English,,1599835781_5f5b8e85b40de4.01795178,positive,absent,5ed814fc9e50c230c1efb63c,lucy_loan.response,lucy_loan,response,"The bank cancelled her loan and she has no car, either old or new.",1,,,,,,,,,,,,,,1,,,1,,,,1
3389,0.450130049,5f5cf11ede3d5450b94bd1ed,5c8a616f692c6100013c845d,APPROVED,02:44.7,11:33.9,529.182,23,11:05.6,3833C7F5,United Kingdom,Female,52,"Sep 12, 2020 12:02:47 pm","Sep 12, 2020 12:11:30 pm",Complete,,,,English,,1599926567_5f5cf127299f63.52774819,negative,absent,5c8a616f692c6100013c845d,lucy_loan.response,lucy_loan,response,She sells the old car to someone who wants it for a lot of money.,,,,,,,,1,,,,,,,,1,,1,,1,,
3424,0.762559311,5f5b8f114f16612d2a197555,5d558c262d8a6200172a8b7b,APPROVED,52:13.1,59:33.0,439.961,33,41:03.2,510FA8B2,United Kingdom,Male,36,"Sep 11, 2020 10:52:15 am","Sep 11, 2020 10:59:30 am",Complete,,,,English,,1599835935_5f5b8f1f660f36.24511853,positive,absent,5d558c262d8a6200172a8b7b,lucy_loan.response,lucy_loan,response,She realises cars are horrible and buys a cargo bike instead.,,,,,,,1,,,,,,,,,,1,1,,1,,
3302,0.203521638,5f5bc3dfa6d2af35a38b0673,58c3d3caabafb2000142055f,APPROVED,37:26.4,46:29.0,542.617,58,58:30.7,40D80FA4,United Kingdom,Female,16,"Sep 11, 2020 2:37:30 pm","Sep 11, 2020 2:46:21 pm",Complete,,,,English,,1599849450_5f5bc3ea376033.34957996,negative,present,58c3d3caabafb2000142055f,lucy_loan.response,lucy_loan,response,She decides to keep her old car.,,,,,,,,,,,,,1,,,,1,1,,1,,
3332,0.577084134,5f5bc5fa71abb236faeb0338,5d53bdc9b18d590018dac171,APPROVED,46:22.4,54:04.9,462.487,58,59:31.6,40D80FA4,United Kingdom,Female,51,"Sep 11, 2020 2:46:24 pm","Sep 11, 2020 2:54:01 pm",Complete,,,,English,,1599849984_5f5bc60081d150.89902793,negative,present,5d53bdc9b18d590018dac171,lucy_loan.response,lucy_loan,response,She changes her mind.,,,,,,,,,,,,,1,,,,1,,1,1,,
3399,0.739188051,5f5b8dd0f7a8c72e7f3b15bc,5f310877a901af046cd5f569,APPROVED,46:44.7,29:46.5,2581.765,27,40:12.5,510FA8B2,United Kingdom,Male,11,"Sep 11, 2020 10:46:49 am","Sep 11, 2020 11:29:45 am",Complete,,,,English,,1599835609_5f5b8dd9408a59.58234306,positive,absent,5f310877a901af046cd5f569,lucy_loan.response,lucy_loan,response,"Lucy and dealer come to deal, her old car for ¬£250, which after being told it was worth nothing seemed like a pretty good deal for her. A few weeks later when looking around the same dealership for her new car, she comes across her old one being resold with a new paint job for ¬£15,000. When questioning the dealer about this they tell her after another inspection the car was actually in really good condition and just needed some fresh paint.",,,,1,,,,,,,,,,,1,,,1,,,1,
3392,0.179198607,5f5d2b5e40d99b56d75ddb03,5eeaff28cf5da71d691ef212,APPROVED,11:10.4,40:52.7,1782.304,21,45:09.2,3833C7F5,United States,Male,60,"Sep 12, 2020 4:11:13 pm","Sep 12, 2020 4:40:50 pm",Complete,,,,English,,1599941473_5f5d2b613f05f7.02520687,negative,absent,5eeaff28cf5da71d691ef212,lucy_loan.response,lucy_loan,response,"A customer overhears Lucy talking with the car dealer, and pulls her aside and offers her double the price she paid for the old car. The customer happens to have a knack for old cars and Lucy's car is the model he was looking for to finish his car collection. ",,,,,,,,1,,,,,,,,1,,1,,,1,
3360,0.398842798,5f5cef9f52e427506c38aea2,599180ed9d487e0001ac3b5a,APPROVED,57:13.8,15:45.1,1111.262,48,10:05.0,3833C7F5,United Kingdom,Male,30,"Sep 12, 2020 11:57:16 am","Sep 12, 2020 12:15:41 pm",Complete,,,,English,,1599926236_5f5cefdcc2c299.29718436,negative,absent,599180ed9d487e0001ac3b5a,lucy_loan.response,lucy_loan,response,She sells her old car for more than expected; the buyer is really happy with it; therefore the loan she needs is smaller than expected.,,,,,,,,,,,,,,1,,1,,1,,1,,
3397,0.296288821,5f5b8d33f7a8c72f233875f6,5e417093c3444f000ac9cb1e,APPROVED,44:10.1,09:58.2,1548.06,33,40:08.6,510FA8B2,United Kingdom,Male,7,"Sep 11, 2020 10:44:11 am","Sep 11, 2020 11:09:56 am",Complete,,,,English,,1599835451_5f5b8d3bdda956.75964770,positive,absent,5e417093c3444f000ac9cb1e,lucy_loan.response,lucy_loan,response,She finds money hidden in the door panel of her new car,,,,,,,,,1,,,,,,,1,,1,,,,1
3474,0.212596173,5f5b65fd1a328c28d73f4b5c,5e39769ea9cf94187e49eed5,APPROVED,56:45.3,01:14.8,269.534,31,16:12.3,4DE9B385,United Kingdom,Female,25,"Sep 11, 2020 7:56:47 am","Sep 11, 2020 8:01:12 am",Complete,,,,English,,1599825407_5f5b65ff65c4a0.87536722,positive,present,5e39769ea9cf94187e49eed5,lucy_loan.response,lucy_loan,response,She decides to buy a new bike instead.,,,,,,,1,,,,,,,,,,1,,1,1,,
3353,0.338215111,5f5cef535b5eb4513c1fc793,5e8e3b906f414f0c392eb5b7,APPROVED,55:03.2,16:51.4,1308.143,18,09:50.5,3833C7F5,United Kingdom,Female,19,"Sep 12, 2020 11:55:04 am","Sep 12, 2020 12:16:49 pm",Complete,,,,English,,1599926104_5f5cef58d7f124.37579052,negative,absent,5e8e3b906f414f0c392eb5b7,lucy_loan.response,lucy_loan,response,a buyer turns up who is willing to pay thousands of pounds for the old car,,,,,,,,1,,,,,,,,1,,1,,,1,
3314,0.683535918,5f5bc5093d4e8b357b9ab665,5ed843fe0d2260359edd0013,APPROVED,42:17.4,13:56.6,1899.187,40,58:55.7,40D80FA4,United Kingdom,Male,34,"Sep 11, 2020 2:42:19 pm","Sep 11, 2020 3:13:55 pm",Complete,,,,English,,1599849739_5f5bc50b971fb7.59996869,negative,present,5ed843fe0d2260359edd0013,lucy_loan.response,lucy_loan,response,She crashes the new car on the journey home.,,1,,,,,,,,,,,,,1,,,1,,1,,
3413,0.943767542,5f5b8e9046c58b2e9ac2aabc,5c51d3e6a163ac0001721273,APPROVED,50:00.2,06:23.2,983.078,44,40:40.0,510FA8B2,United Kingdom,Male,27,"Sep 11, 2020 10:50:01 am","Sep 11, 2020 11:06:21 am",Complete,,,,English,,1599835801_5f5b8e999a8045.31894381,positive,absent,5c51d3e6a163ac0001721273,lucy_loan.response,lucy_loan,response,Another customer sees that her old car is a classic and asks if they can buy it,,,,,,,,1,,,,,,,,1,,1,,,1,
3433,0.90937091,5f5b8f8230ec6f2f11723545,5f3801cc3b78e908ea5b5ca9,APPROVED,53:58.8,08:35.6,876.869,58,41:18.5,510FA8B2,United Kingdom,Female,43,"Sep 11, 2020 10:54:00 am","Sep 11, 2020 11:08:34 am",Complete,,,,English,,1599836040_5f5b8f88c67024.13390191,positive,absent,5f3801cc3b78e908ea5b5ca9,lucy_loan.response,lucy_loan,response,"The old car screeches into life on its own and zooms away, across the forecourt, heading for home.",,,,,,1,,,,,,,,,,,1,1,,,1,
3330,0.452714182,5f5bc5f1def27f3626252a35,5c924468a5c1db00144f7fcb,APPROVED,46:11.4,56:52.5,641.037,35,59:27.6,40D80FA4,United Kingdom,Male,46,"Sep 11, 2020 2:46:12 pm","Sep 11, 2020 2:56:50 pm",Complete,,,,English,,1599849972_5f5bc5f4c5dc16.59408085,negative,present,5c924468a5c1db00144f7fcb,lucy_loan.response,lucy_loan,response,the car dealer changed his mind,,,,,1,,,,,,,,,,1,,,1,,,1,
3317,0.08289295,5f5bc5405bbf4b364b00061f,5f4555bdcad55b1274e7ebe1,APPROVED,43:15.3,52:56.6,581.237,21,59:01.6,40D80FA4,United Kingdom,Male,31,"Sep 11, 2020 2:43:17 pm","Sep 11, 2020 2:52:55 pm",Complete,,,,English,,1599849797_5f5bc545244ad8.71081308,negative,present,5f4555bdcad55b1274e7ebe1,lucy_loan.response,lucy_loan,response,"her new car, broke as she left the garage, but the garage refused to fix the car as she had left the forecourt",,,1,,,,,,,,,,,,1,,,1,,,1,
3350,0.318058687,5f5ceef16240ec51674619ef,5ea9eb06e3ba571520403fc6,APPROVED,53:24.7,13:04.5,1179.788,30,09:44.5,3833C7F5,United Kingdom,Female,14,"Sep 12, 2020 11:53:27 am","Sep 12, 2020 12:13:03 pm",Complete,,,,English,,1599926007_5f5ceef732e456.36342825,negative,absent,5ea9eb06e3ba571520403fc6,lucy_loan.response,lucy_loan,response,She keeps both cars.,,,,,,,,,,,,,1,,,,1,1,,1,,
3379,0.599011153,5f5cf09fef2d8e5006cb9e4e,5f3d23fbe324bf0387ebc78a,APPROVED,00:35.9,11:16.2,640.31,25,10:44.5,3833C7F5,United Kingdom,Female,48,"Sep 12, 2020 12:00:40 pm","Sep 12, 2020 12:10:52 pm",Complete,,,,English,,1599926440_5f5cf0a8b1c4d4.61730653,negative,absent,5f3d23fbe324bf0387ebc78a,lucy_loan.response,lucy_loan,response,She keeps the old car as it is worth nothing and is happy about both. ,,,,,,,,,,,,,1,,,1,,1,,1,,
3304,0.203875556,5f5bc42452e427362303b431,56671468d87e9100052f7f8b,APPROVED,38:34.9,46:11.6,456.679,26,58:34.7,40D80FA4,United Kingdom,Male,18,"Sep 11, 2020 2:38:37 pm","Sep 11, 2020 2:46:09 pm",Complete,,,,English,,1599849517_5f5bc42d5700a9.06998200,negative,present,56671468d87e9100052f7f8b,lucy_loan.response,lucy_loan,response,"The old car becomes damaged and no longer valuable, so Lucy feels able to keep it.",,,,,,,,,,,,,1,,,,1,1,,1,,
3492,0.652787273,5f5b66ea4aea45293aa546ea,59317a9fe7866d00016187e7,APPROVED,00:49.1,13:00.1,730.977,30,16:49.9,4DE9B385,United Kingdom,Female,41,"Sep 11, 2020 8:00:51 am","Sep 11, 2020 8:12:48 am",Complete,,,,English,,1599825651_5f5b66f3a0de49.45815472,positive,present,59317a9fe7866d00016187e7,lucy_loan.response,lucy_loan,response,she sells her car ,,,,,,,,1,,,,,,,,1,,1,,1,,
3393,0.780771065,5f5b8c4646d1422d8914c71f,5ee0f94d12ce930c1ab1d574,APPROVED,40:09.2,47:04.2,415.029,31,40:00.8,510FA8B2,Ireland,Female,4,"Sep 11, 2020 10:40:11 am","Sep 11, 2020 10:47:02 am",Complete,,,,English,,1599835211_5f5b8c4b0853e1.69449016,positive,absent,5ee0f94d12ce930c1ab1d574,lucy_loan.response,lucy_loan,response,her loan is approved ,,,,,,,,,,1,,,,,,1,,1,,,,1
3422,0.673318817,5f5b8f00cb0a652e6b724699,5eff17d115ba87434ab3829b,APPROVED,51:46.9,58:59.5,432.598,27,40:59.1,510FA8B2,United Kingdom,Female,32,"Sep 11, 2020 10:51:50 am","Sep 11, 2020 10:58:56 am",Complete,,,,English,,1599835910_5f5b8f067c3663.11912818,positive,absent,5eff17d115ba87434ab3829b,lucy_loan.response,lucy_loan,response,She wins a new car in an online raffle.,,,,,,,,,1,,,,,,,1,,1,,,1,
3375,0.896735979,5f5cf06c0fb28e51890f9407,5f11bad6f7955b06f00148ff,APPROVED,00:48.5,19:47.6,1139.149,61,10:36.7,3833C7F5,United Kingdom,Female,47,"Sep 12, 2020 12:01:36 pm","Sep 12, 2020 12:19:45 pm",Complete,,,,English,,1599926496_5f5cf0e0265591.22259518,negative,absent,5f11bad6f7955b06f00148ff,lucy_loan.response,lucy_loan,response,A  dealer driver accidentally backs into her old car and pushes it against the wall writing it off. The dealer offers her a good second hand car rather than deal with insurance.,,,,,,,,,,,1,,,,1,,,1,,,1,
3437,0.013038255,5f5b8fb9bacc022db3627cf5,5db186fc4e7b0b0019151944,APPROVED,55:28.4,12:01.0,992.554,32,41:26.6,510FA8B2,United Kingdom,Female,50,"Sep 11, 2020 10:55:32 am","Sep 11, 2020 11:11:58 am",Complete,,,,English,,1599836132_5f5b8fe4763385.88223309,positive,absent,5db186fc4e7b0b0019151944,lucy_loan.response,lucy_loan,response,Her parents offer to buy her the new car so that she doesn't need to take out a loan.,,,,,,,,,,,1,,,,,1,,1,,,1,
3372,0.542748182,5f5cf03c2f9ff7503b889485,5c54b2e0cf1cd900018cf6a6,APPROVED,00:19.0,14:37.2,858.162,45,10:30.6,3833C7F5,United Kingdom,Male,42,"Sep 12, 2020 12:00:23 pm","Sep 12, 2020 12:14:33 pm",Complete,,,,English,,1599926423_5f5cf097943926.71390799,negative,absent,5c54b2e0cf1cd900018cf6a6,lucy_loan.response,lucy_loan,response,She falls in love with the car dealer and keeps her old car,,,,,1,,,,,,,,,,,1,,1,,1,,
3467,0.669550767,5f5b65a447e6d8290e0ec103,5edede6f7863ed18db5830b1,APPROVED,55:19.2,01:20.5,361.26,20,15:40.6,4DE9B385,United Kingdom,Male,17,"Sep 11, 2020 7:55:22 am","Sep 11, 2020 8:01:18 am",Complete,,,,English,,1599825321_5f5b65a9ec55e6.11300086,positive,present,5edede6f7863ed18db5830b1,lucy_loan.response,lucy_loan,response,The car is valued at even higher than she expects,,,,,,,,,,,,,,1,,1,,1,,,1,
3324,0.711096137,5f5bc5c573b827360445d9fc,5decc61a488cde39be161a91,APPROVED,45:33.6,55:37.2,603.607,60,59:15.1,40D80FA4,United Kingdom,Male,42,"Sep 11, 2020 2:45:35 pm","Sep 11, 2020 2:55:35 pm",Complete,,,,English,,1599849935_5f5bc5cf589d97.53927342,negative,present,5decc61a488cde39be161a91,lucy_loan.response,lucy_loan,response,She discovers it's worth twice what he new car is costs.,,,,,,,,,,,,,,1,,1,,1,,,1,
3439,0.586802139,5f5b8fc41989292dc096359d,5c9034a2eedbd9001573ca14,APPROVED,55:54.4,12:31.4,997.008,56,41:30.5,510FA8B2,United Kingdom,Male,56,"Sep 11, 2020 10:55:58 am","Sep 11, 2020 11:12:26 am",Complete,,,,English,,1599836158_5f5b8ffe86be56.33689160,positive,absent,5c9034a2eedbd9001573ca14,lucy_loan.response,lucy_loan,response,"a person wants the old car for spare parts and offers ¬£ 1,000 for it",,,,,,,,1,,,,,,,,1,,1,,,1,
3357,0.051654516,5f5cef805c73a34ff0a8773f,5e8fa4b58028052a7880c8ac,APPROVED,55:45.0,20:16.7,1471.797,40,09:59.0,3833C7F5,United Kingdom,Male,24,"Sep 12, 2020 11:55:47 am","Sep 12, 2020 12:20:14 pm",Complete,,,,English,,1599926147_5f5cef83b7a666.87919430,negative,absent,5e8fa4b58028052a7880c8ac,lucy_loan.response,lucy_loan,response,The dealer eventually gave her more than what she expected for her car,,,,,,,,,,,,,,1,,1,,1,,,1,
3498,0.580219385,5f5b678afff41228d0b38fbc,5f27278a54adfb0ac3556a03,APPROVED,03:22.1,16:40.2,798.148,40,16:57.3,4DE9B385,United Kingdom,Female,50,"Sep 11, 2020 8:03:25 am","Sep 11, 2020 8:16:32 am",Complete,,,,English,,1599825805_5f5b678dc97297.51081150,positive,present,5f27278a54adfb0ac3556a03,lucy_loan.response,lucy_loan,response,She wins the lottery,,,,,,,,,1,,,,,,,1,,,1,,1,
3430,0.772555512,5f5b8f4726f9002ebd527926,5eb417f51a17bb221ecf7803,APPROVED,52:59.9,03:01.5,601.648,30,41:14.8,510FA8B2,United Kingdom,Male,37,"Sep 11, 2020 10:53:01 am","Sep 11, 2020 11:02:58 am",Complete,,,,English,,1599835981_5f5b8f4daed741.41006171,positive,absent,5eb417f51a17bb221ecf7803,lucy_loan.response,lucy_loan,response,Lucy won a competition for a new car. she no longer has to take out a loan to purchase one.,,,,,,,,,,,1,,,,,1,,1,,,1,
3501,0.498325832,5f5b74db030497095e615bc1,5daa50967776b10016e1bc9b,APPROVED,01:38.6,24:57.6,1399.002,33,17:00.7,4DE9B385,United Kingdom,Male,57,"Sep 11, 2020 9:01:40 am","Sep 11, 2020 9:24:51 am",Complete,,,,English,,1599829299_5f5b7533e2d3f3.32200280,positive,present,5daa50967776b10016e1bc9b,lucy_loan.response,lucy_loan,response,"The bloke says he was only joking, it's knackered and you might get some scrap money if you're lucky.",,,,,1,,,,,,,,,,1,,,,1,,1,
3354,0.015033909,5f5cef59162162508656b173,5f2458749912ad00087e5677,APPROVED,55:05.7,31:07.8,2162.157,59,09:52.8,3833C7F5,United Kingdom,Female,20,"Sep 12, 2020 11:55:09 am","Sep 12, 2020 12:31:05 pm",Complete,,,,English,,1599926108_5f5cef5cdf7109.56196235,negative,absent,5f2458749912ad00087e5677,lucy_loan.response,lucy_loan,response,There was another customer looking at cars who saw Lucy's old one and made her an offer. ,,,,,,,,1,,,,,,,,1,,1,,,1,
3426,0.068225159,5f5b8f164e9b772deeeb7797,5eed11c3dea2cb12195f0c85,APPROVED,54:44.0,04:14.1,570.055,59,41:06.9,510FA8B2,United Kingdom,Female,44,"Sep 11, 2020 10:54:46 am","Sep 11, 2020 11:04:11 am",Complete,,,,English,,1599836086_5f5b8fb65a5db1.06507271,positive,absent,5eed11c3dea2cb12195f0c85,lucy_loan.response,lucy_loan,response,she happy got loan and doesnt care her old car worthless,,,,,,,,,,1,,,,,,1,,1,,1,,
3310,0.041941722,5f5bc49d69102536ff6a47ad,5aff1adb293d310001021738,APPROVED,40:36.5,46:28.7,352.171,21,58:46.2,40D80FA4,United Kingdom,Female,24,"Sep 11, 2020 2:40:39 pm","Sep 11, 2020 2:46:26 pm",Complete,,,,English,,1599849639_5f5bc4a7433be9.21990515,negative,present,5aff1adb293d310001021738,lucy_loan.response,lucy_loan,response,she keeps the old car ,,,,,,,,,,,,,1,,,,1,1,,1,,
3352,0.385696879,5f5cef191c93d2509a59ae3d,5aeaa1e5eb500a00010a21c0,APPROVED,54:01.1,07:11.4,790.307,24,09:48.5,3833C7F5,United States,Male,16,"Sep 12, 2020 11:54:04 am","Sep 12, 2020 12:07:10 pm",Complete,,,,English,,1599926044_5f5cef1c0462c8.87312322,negative,absent,5aeaa1e5eb500a00010a21c0,lucy_loan.response,lucy_loan,response,She decides to pass the car on to a younger relative who uses to commute to school.,,,,,,,,,,,,,1,,,,1,1,,1,,
3296,0.190189737,5f5bc372c6768e3802055315,5f258c2c43c6770008f8abd2,APPROVED,39:30.4,47:53.4,503.046,35,58:18.7,40D80FA4,Ireland,Female,20,"Sep 11, 2020 2:39:32 pm","Sep 11, 2020 2:47:51 pm",Complete,,,,English,,1599849572_5f5bc464b6a866.65948808,negative,present,5f258c2c43c6770008f8abd2,lucy_loan.response,lucy_loan,response,She didn't need to get a loan ,,,,,1,,,,,,,,,,,,1,1,,1,,
3466,0.736078563,5f5b659d09e9c128d429c6fd,5ab8d402e1546900019b71b7,APPROVED,55:09.6,07:43.0,753.384,42,15:38.3,4DE9B385,United Kingdom,Female,18,"Sep 11, 2020 7:55:11 am","Sep 11, 2020 8:07:40 am",Complete,,,,English,,1599825311_5f5b659fd6c1f0.64206025,positive,present,5ab8d402e1546900019b71b7,lucy_loan.response,lucy_loan,response,Her car ended up being worth a lot more than the dealer anticipated.,,,,,,,,,,,,,,1,,1,,1,,,1,
3318,0.030374545,5f5bc5450b0a3e15adbe9795,5f2727237db2474089b79602,APPROVED,46:27.0,57:04.7,637.7,26,59:03.5,40D80FA4,Ireland,Male,48,"Sep 11, 2020 2:46:40 pm","Sep 11, 2020 2:57:03 pm",Complete,,,,English,,1599850000_5f5bc6104e6136.34086662,negative,present,5f2727237db2474089b79602,lucy_loan.response,lucy_loan,response,she is rejected by the bank,1,,,,,,,,,,,,,,1,,,1,,,,1
3321,0.695345535,5f5bc5759496f436357a054c,5f0879b5fc8e5a083c495393,APPROVED,47:24.4,00:25.6,781.164,19,59:09.3,40D80FA4,United Kingdom,Male,55,"Sep 11, 2020 2:47:26 pm","Sep 11, 2020 3:00:22 pm",Complete,,,,English,,1599850046_5f5bc63ecc2586.77659912,negative,present,5f0879b5fc8e5a083c495393,lucy_loan.response,lucy_loan,response,"A mysterious figure sees her pull up in her old car one day, recognises it as a classic and offers her double the money the car broker offered",,,,,,,,,,,,,,1,,1,,1,,,1,
3490,0.704993192,5f5b66d5c90124296edaa829,5995aee73ae1c8000110650d,APPROVED,08:58.5,21:37.4,758.873,40,16:46.2,4DE9B385,United Kingdom,Female,52,"Sep 11, 2020 8:09:02 am","Sep 11, 2020 8:21:34 am",Complete,,,,English,,1599826142_5f5b68de499051.23018251,positive,present,5995aee73ae1c8000110650d,lucy_loan.response,lucy_loan,response,"Lucy finds a valuable diamond hidden in a secret compartment of her old car, thus doubling its value",,,,,1,,,,,,,,,,,1,,1,,,,1
3285,0.266123428,5f5bc1037a4abb34a939eb9a,5b9588a921e7200001f59638,APPROVED,25:07.2,40:51.9,944.701,34,57:54.7,40D80FA4,United Kingdom,Female,1,"Sep 11, 2020 2:26:58 pm","Sep 11, 2020 2:40:50 pm",Complete,,,,English,,1599848818_5f5bc172d0c120.98838864,negative,present,5b9588a921e7200001f59638,lucy_loan.response,lucy_loan,response,The bank refuses her loan.,1,,,,,,,,,,,,,,1,,,1,,,,1
3312,0.837989435,5f5bc4bea889ea14f165c6cd,5e9f5bbf176a980b6531f799,APPROVED,41:18.9,07:46.6,1587.694,49,58:50.0,40D80FA4,United Kingdom,Female,28,"Sep 11, 2020 2:41:21 pm","Sep 11, 2020 3:07:44 pm",Complete,,,,English,,1599849681_5f5bc4d150d763.28981989,negative,present,5e9f5bbf176a980b6531f799,lucy_loan.response,lucy_loan,response,Lucy decides to sell her old car and goes sailing around the world with the money that she got.,,,,,,,,1,,,,,,,,1,,1,,1,,
3480,0.642005846,5f5b66708901d82898043803,59836c8b06cd1f0001f8e111,APPROVED,58:40.3,18:25.8,1185.42,39,16:25.0,4DE9B385,United Kingdom,Female,33,"Sep 11, 2020 7:58:43 am","Sep 11, 2020 8:18:21 am",Complete,,,,English,,1599825523_5f5b66733b8d04.15345075,positive,present,59836c8b06cd1f0001f8e111,lucy_loan.response,lucy_loan,response,She has problems with her bank loan.,1,,,,,,,,,,,,,,1,,,1,,,,1
3329,0.715546527,5f5bc5ec46d1423622c5a7e3,5f398011c2525250d09b340a,APPROVED,47:19.3,05:44.8,1105.528,29,59:25.0,40D80FA4,United Kingdom,Male,54,"Sep 11, 2020 2:47:21 pm","Sep 11, 2020 3:05:40 pm",Complete,,,,English,,1599850041_5f5bc639a78949.03237091,negative,present,5f398011c2525250d09b340a,lucy_loan.response,lucy_loan,response,"Lucy changes her mind about her car and now likes it, so decides against buying a new one",,,,,,,,,,,,,1,,,1,,1,,1,,
3432,0.557995354,5f5b8f7af651ab2e9116fad4,5a9d8c04b5e2110001c6e15f,APPROVED,53:49.6,02:34.2,524.632,30,41:16.4,510FA8B2,United Kingdom,Male,40,"Sep 11, 2020 10:53:51 am","Sep 11, 2020 11:02:32 am",Complete,,,,English,,1599836031_5f5b8f7f12d6a0.96034010,positive,absent,5a9d8c04b5e2110001c6e15f,lucy_loan.response,lucy_loan,response,A bird fell dead from the sky.,,,,,1,,,,,,,,,,1,,,,1,,1,
3417,0.172731463,5f5b8eb61989292e6cb59591,5f443f239d4eda77437dae01,APPROVED,50:34.6,58:46.4,491.832,18,40:48.0,510FA8B2,United Kingdom,Female,24,"Sep 11, 2020 10:50:38 am","Sep 11, 2020 10:58:44 am",Complete,,,,English,,1599835838_5f5b8ebe554796.79006718,positive,absent,5f443f239d4eda77437dae01,lucy_loan.response,lucy_loan,response,Her car is worth more than the dealer thinks and she can buy a new one.,,,,,,,,,,,,,,1,,1,,1,,,1,
3335,0.795605191,5f5bc7be7a4abb35ac0408a9,5ea05b0279591601393f3f6b,APPROVED,54:34.7,11:44.6,1029.938,44,59:37.4,40D80FA4,United Kingdom,Female,58,"Sep 11, 2020 2:54:36 pm","Sep 11, 2020 3:11:42 pm",Complete,,,,English,,1599850476_5f5bc7ec08fde4.84091118,negative,present,5ea05b0279591601393f3f6b,lucy_loan.response,lucy_loan,response,perhaps she decides to keep the car afterall,,,,,,,,,,,,,1,,,,1,1,,1,,
3494,0.665129993,5f5b67317fa75629a135af88,5dce02a5e10220052b35144a,APPROVED,03:19.3,17:58.0,878.659,29,16:52.9,4DE9B385,United Kingdom,Male,49,"Sep 11, 2020 8:03:21 am","Sep 11, 2020 8:17:55 am",Complete,,,,English,,1599825801_5f5b6789b9f2b2.14179403,positive,present,5dce02a5e10220052b35144a,lucy_loan.response,lucy_loan,response,The old car wasn't worth as much as expected and is declined a loan fro the bank.,1,,,,,,,,,,,,,,1,,,1,,,,1
3423,0.694653176,5f5b8f0691f8b62ecdadf06d,58794c1e327dab000199ea58,APPROVED,51:55.0,00:13.2,498.244,63,41:01.2,510FA8B2,United Kingdom,Female,38,"Sep 11, 2020 10:51:57 am","Sep 11, 2020 11:00:07 am",Complete,,,,English,,1599835917_5f5b8f0da6d149.78642274,positive,absent,58794c1e327dab000199ea58,lucy_loan.response,lucy_loan,response,SHE SELLS IT TO A FRIEND FOR A BIT OF MONEY,,,,,,,,1,,,,,,,,1,,,1,1,,
3472,0.95551931,5f5b65e7c81d362906737c73,5e9397d303807b2006e77d5a,APPROVED,56:26.7,02:43.3,376.612,41,16:07.9,4DE9B385,United Kingdom,Female,23,"Sep 11, 2020 7:56:28 am","Sep 11, 2020 8:02:41 am",Complete,,,,English,,1599825388_5f5b65ec122a80.83598406,positive,present,5e9397d303807b2006e77d5a,lucy_loan.response,lucy_loan,response,Her car ended up needing costly repairs,,,1,,,,,,,,,,,,1,,,1,,,,1
3315,0.617370853,5f5bc52ab17ec4365fd1c7d9,5a2ef9bbfd28e9000102ee68,APPROVED,42:55.2,52:33.9,578.731,48,58:57.8,40D80FA4,United Kingdom,Female,30,"Sep 11, 2020 2:42:58 pm","Sep 11, 2020 2:52:30 pm",Complete,,,,English,,1599849778_5f5bc532170806.37862193,negative,present,5a2ef9bbfd28e9000102ee68,lucy_loan.response,lucy_loan,response,Someone offered her more than her old car is worth.,,,,,,,,1,,,,,,,,1,,1,,,1,
3408,0.132844256,5f5b8e25fff4122e2d4f6e89,5f3db7144e27441d7f9f3ec0,APPROVED,51:58.4,28:04.8,2166.458,25,40:29.6,510FA8B2,United Kingdom,Female,33,"Sep 11, 2020 10:52:00 am","Sep 11, 2020 11:28:03 am",Complete,,,,English,,1599835920_5f5b8f104e3832.76294256,positive,absent,5f3db7144e27441d7f9f3ec0,lucy_loan.response,lucy_loan,response,"Lucy gets a call from the bank to say that they cannot approve her loan at this time due to fraudulent activity on her account.   In fact, Lucy isn't who she said she is. Her real name is Charlotte and she's been stealing identities across the country.",1,,,,,,,,,,,,,,1,,,1,,1,,
3327,0.688157094,5f5bc5e0efcdae364f20d29c,5e2586948ab7d17d602025c4,APPROVED,52:42.5,02:07.5,564.982,35,59:21.1,40D80FA4,United Kingdom,Female,57,"Sep 11, 2020 2:52:53 pm","Sep 11, 2020 3:02:03 pm",Complete,,,,English,,1599850373_5f5bc7852ee330.59320731,negative,present,5e2586948ab7d17d602025c4,lucy_loan.response,lucy_loan,response,The dealer doubles his offer for her old car so she accepts,,,,,,,,,,,,,,1,,1,,1,,,,1
3388,0.362208968,5f5cf11c4848f650e9fd2c7b,5f31a239e7ed2f09f2b4a4ef,APPROVED,02:41.9,17:46.5,904.644,27,11:03.4,3833C7F5,United Kingdom,Male,51,"Sep 12, 2020 12:02:44 pm","Sep 12, 2020 12:17:44 pm",Complete,,,,English,,1599926564_5f5cf124834a10.92864564,negative,absent,5f31a239e7ed2f09f2b4a4ef,lucy_loan.response,lucy_loan,response,"she decides to not sell the car and instead, give the car away to her friend who cant afford to buy one right now.",,,,,,,,,,,,,1,,,,1,1,,1,,
3469,0.594735716,5f5b65c17b278528e1ea1c08,5f4524a7cd108b0925b0d08c,APPROVED,55:48.5,30:24.2,2075.72,23,15:45.1,4DE9B385,United Kingdom,Male,20,"Sep 11, 2020 7:55:53 am","Sep 11, 2020 8:30:18 am",Complete,,,,English,,1599825353_5f5b65c993b3b7.99167318,positive,present,5f4524a7cd108b0925b0d08c,lucy_loan.response,lucy_loan,response,"Lucy's car transforms into a large bipedal robot right in the middle of the car park. The robot wore a screwed up look on its metallic face and roared at Lucy. ""How dare you sell me!"" it screeched, running around in a fit of anger, stomping and smashing all the other cars at the dealership.",,,,,,1,,,,,,,,,1,,,1,,,1,
3481,0.940218628,5f5b668710ec482922b63419,5bdc1c289ab26e0001a46b96,APPROVED,59:12.4,05:08.7,356.313,27,16:27.2,4DE9B385,United Kingdom,Female,37,"Sep 11, 2020 7:59:15 am","Sep 11, 2020 8:05:03 am",Complete,,,,English,,1599825555_5f5b6693b96d82.14338109,positive,present,5bdc1c289ab26e0001a46b96,lucy_loan.response,lucy_loan,response,her old car is worth a lot more than expected,,,,,,,,,,,,,,1,,1,,1,,,1,
3287,0.538740472,5f5bc29061200835226b4985,5f47d4ac5db4230d1d4a41b2,APPROVED,31:47.8,45:39.7,831.847,38,58:00.4,40D80FA4,United Kingdom,Male,4,"Sep 11, 2020 2:31:51 pm","Sep 11, 2020 2:45:37 pm",Complete,,,,English,,1599849111_5f5bc2978a4c36.08165653,negative,present,5f47d4ac5db4230d1d4a41b2,lucy_loan.response,lucy_loan,response,She has an accident and the car is scraped.,,1,,,,,,,,,,,,,1,,,1,,,,1
3289,0.784448167,5f5bc2c38ae8ac360d421d82,5ac888369534ba0001c763e1,APPROVED,32:42.9,42:33.9,590.935,49,58:04.5,40D80FA4,United Kingdom,Female,6,"Sep 11, 2020 2:32:45 pm","Sep 11, 2020 2:42:27 pm",Complete,,,,English,,1599849165_5f5bc2cd6931e3.59135886,negative,present,5ac888369534ba0001c763e1,lucy_loan.response,lucy_loan,response,She decides to keep the car,,,,,,,,,,,,,1,,,,1,1,,1,,
3488,0.877865346,5f5b66cc71abb22933c14c6c,5f53cfde4e91947067d2435a,APPROVED,06:50.0,33:28.0,1597.946,35,16:42.2,4DE9B385,United States,Female,55,"Sep 11, 2020 8:23:00 am","Sep 11, 2020 8:33:14 am",Complete,,,,English,,1599826980_5f5b6c24bf2668.23078806,positive,present,5f53cfde4e91947067d2435a,lucy_loan.response,lucy_loan,response,Perhaps Lucy got an accident with the old car,,1,,,,,,,,,,,,,1,,,1,,,,1
3390,0.298914041,5f5d2b5c47755956e9649433,5dbd96bc80dbee2c71a8c9d6,APPROVED,11:08.7,23:19.4,730.744,23,26:22.6,3833C7F5,United Kingdom,Female,58,"Sep 12, 2020 4:11:10 pm","Sep 12, 2020 4:23:17 pm",Complete,,,,English,,1599941470_5f5d2b5e404ad8.56874843,negative,absent,5dbd96bc80dbee2c71a8c9d6,lucy_loan.response,lucy_loan,response,She decides to actually keep her old car because she is attached to it ,,,,,,,,,,,,,1,,,1,,1,,1,,
3295,0.262446379,5f5bc37146d14235cf6b0999,5f49396f5324cf32b7bee64b,APPROVED,35:44.5,52:37.9,1013.319,27,58:16.9,40D80FA4,Ireland,Male,12,"Sep 11, 2020 2:35:47 pm","Sep 11, 2020 2:52:35 pm",Complete,,,,English,,1599849347_5f5bc383092900.60818315,negative,present,5f49396f5324cf32b7bee64b,lucy_loan.response,lucy_loan,response,"Turns out, the car is a Transformer. However, unlike Shia LaBoeuf's car, this is a Decepticon...",,,,,,1,,,,,,,,,1,,,1,,,1,
3307,0.329063752,5f5bc4961a328c352fe86601,5d9db80fad89d50017a880e6,APPROVED,40:25.9,50:45.7,619.85,40,58:40.3,40D80FA4,United Kingdom,Male,27,"Sep 11, 2020 2:40:27 pm","Sep 11, 2020 2:50:42 pm",Complete,,,,English,,1599849627_5f5bc49b7c3b87.32227681,negative,present,5d9db80fad89d50017a880e6,lucy_loan.response,lucy_loan,response,the old car spontaneously combusts,,,,,1,,,,,,,,,,1,,,1,,,1,
3391,0.574919782,5f5d2b5d52e4275680669a25,5f483cffdd72112f1e5ef612,APPROVED,11:30.3,30:08.2,1117.876,24,37:28.7,3833C7F5,United States,Female,59,"Sep 12, 2020 4:11:31 pm","Sep 12, 2020 4:30:05 pm",Complete,,,,English,,1599941491_5f5d2b73b86f70.59000072,negative,absent,5f483cffdd72112f1e5ef612,lucy_loan.response,lucy_loan,response,"When the dealership says Lucy's car has no value, a kind old couple overhear and offer her their old car which they are about to trade in. Lucy can keep her car that holds sentimental value to her.",,,,,,,,,,,1,,,,,1,,1,,,1,
3444,0.438174775,5f5b9f0ba38ae60f13481536,5f2a817d88f11d29b7f0c74f,APPROVED,00:11.2,26:37.6,1586.424,30,41:40.5,510FA8B2,United Kingdom,Male,58,"Sep 11, 2020 12:00:19 pm","Sep 11, 2020 12:26:36 pm",Complete,,,,English,,1599840019_5f5b9f13308255.67969847,positive,absent,5f2a817d88f11d29b7f0c74f,lucy_loan.response,lucy_loan,response,The dealer changes his opinion and wants to buy the car,,,,,,,,1,,,,,,,,1,,1,,,1,
3362,0.836647955,5f5cefc826f9005062dfef45,5b0fe699e9270900013c0882,APPROVED,57:01.3,11:28.4,867.163,37,10:08.6,3833C7F5,United Kingdom,Female,29,"Sep 12, 2020 11:57:04 am","Sep 12, 2020 12:11:26 pm",Complete,,,,English,,1599926223_5f5cefcfed1770.29529231,negative,absent,5b0fe699e9270900013c0882,lucy_loan.response,lucy_loan,response,"her phone rings and its the radio station she had entered a compettion on, she wins a new car",,,,,,,,,,,1,,,,,1,,1,,,,1
3337,0.328680228,5f5cd6cc1621624d60e2b148,5f3af4493a55e01ebf3311d1,APPROVED,12:19.3,29:58.9,1059.606,22,46:04.7,40D80FA4,United Kingdom,Female,61,"Sep 12, 2020 10:12:22 am","Sep 12, 2020 10:29:56 am",Complete,,,,English,,1599919942_5f5cd7463b3710.25216703,negative,present,5f3af4493a55e01ebf3311d1,lucy_loan.response,lucy_loan,response,she uses the bank loan to do up her 'classic car' to get it back to its original condition,,,,,,,,,,,,,1,,,1,,1,,1,,
3404,0.790091969,5f5b8dff46102f2dad99bafe,5d45e3bdf1d31800163cf999,APPROVED,47:30.2,11:12.3,1422.142,20,40:22.1,510FA8B2,United Kingdom,Female,10,"Sep 11, 2020 10:47:31 am","Sep 11, 2020 11:11:09 am",Complete,,,,English,,1599835651_5f5b8e03935e51.18482482,positive,absent,5d45e3bdf1d31800163cf999,lucy_loan.response,lucy_loan,response,Someone contacts her wanting to pay a lot for the old car,,,,,,,,,,,,,,1,,1,,1,,,1,
3465,0.674341802,5f5b6592a9ba1128f6ed6f31,595f5d26b752840001ca4451,APPROVED,55:01.5,13:03.3,1081.786,37,15:36.3,4DE9B385,United Kingdom,Female,19,"Sep 11, 2020 7:55:08 am","Sep 11, 2020 8:12:59 am",Complete,,,,English,,1599825308_5f5b659c3df447.52149375,positive,present,595f5d26b752840001ca4451,lucy_loan.response,lucy_loan,response,the car is worth more than she thought,,,,,,,,,,,,,,1,,1,,1,,,1,
3416,0.509406548,5f5b8eb116b98d0cd6fb656a,5ce98960b8a8130019d684dd,APPROVED,50:28.7,05:01.7,872.932,26,40:45.9,510FA8B2,United Kingdom,Female,22,"Sep 11, 2020 10:50:31 am","Sep 11, 2020 11:04:58 am",Complete,,,,English,,1599835830_5f5b8eb6e86741.51859962,positive,absent,5ce98960b8a8130019d684dd,lucy_loan.response,lucy_loan,response,Lucy finds a large sum of money in the glovebox of her old car.,,,,,,,,,1,,,,,,,1,,1,,,,1
3344,0.358781809,5f5cee3f6352f050221be08d,5df2f7674f849e20d6666704,APPROVED,50:29.6,58:41.1,491.517,67,09:32.4,3833C7F5,United Kingdom,Male,8,"Sep 12, 2020 11:50:31 am","Sep 12, 2020 11:58:38 am",Complete,,,,English,,1599925831_5f5cee47d96f13.15016303,negative,absent,5df2f7674f849e20d6666704,lucy_loan.response,lucy_loan,response,She wins the lottery.,,,,,,,,,1,,,,,,,1,,,1,,1,
3384,0.711826157,5f5cf0dd477f96507297cf9b,5cfa1a744ccbd50001535ef2,APPROVED,01:33.3,24:34.8,1381.499,50,10:55.3,3833C7F5,United Kingdom,Female,55,"Sep 12, 2020 12:04:47 pm","Sep 12, 2020 12:24:31 pm",Complete,,,,English,,1599926687_5f5cf19fd80356.34987923,negative,absent,5cfa1a744ccbd50001535ef2,lucy_loan.response,lucy_loan,response,"Lucy didn't care that the car dealers car is a wreck, she's happy that the bank have loaned her the money to get a brand new car.",,,,,,,,,,1,,,,,,1,,1,,,1,
3479,0.030360217,5f5b66634775592894e7de0b,5f0ddc22e8572609f83725d4,APPROVED,58:30.5,07:32.3,541.746,32,16:23.6,4DE9B385,United Kingdom,Male,31,"Sep 11, 2020 7:58:32 am","Sep 11, 2020 8:07:29 am",Complete,,,,English,,1599825512_5f5b6668535ab1.98711552,positive,present,5f0ddc22e8572609f83725d4,lucy_loan.response,lucy_loan,response,"she returns home to check the price online and finds it's worth tens of thousands, enough to put a deposit on a house.",,,,,,,,,,,,,,1,,1,,,1,1,,
3409,0.582180458,5f5b8e273b10e42dd267df3f,579ccf9ebaec1b0001698960,APPROVED,48:07.5,03:52.0,944.555,39,40:31.7,510FA8B2,United Kingdom,Female,16,"Sep 11, 2020 10:48:10 am","Sep 11, 2020 11:03:44 am",Complete,,,,English,,1599835690_5f5b8e2a282ba3.19552726,positive,absent,579ccf9ebaec1b0001698960,lucy_loan.response,lucy_loan,response,Lucy finds a bag of ¬£50 notes in the boot of the new car.,,,,,,,,,1,,,,,,,1,,1,,,,1
3292,0.78340743,5f5bc310f7a8c7368446ae73,56d1f9597bbc32000589a58d,APPROVED,33:56.7,41:37.7,461.036,57,58:10.8,40D80FA4,United Kingdom,Female,8,"Sep 11, 2020 2:33:58 pm","Sep 11, 2020 2:41:36 pm",Complete,,,,English,,1599849238_5f5bc316ca4fc5.78672144,negative,present,56d1f9597bbc32000589a58d,lucy_loan.response,lucy_loan,response,she gets offered a large sum of money for it,,,,,,,,,,,,,,1,,1,,,1,,1,
3499,0.765287895,5f5b68a733291029a8dc7569,5e1335206aab7c96df461666,APPROVED,11:41.8,28:20.5,998.692,22,16:58.5,4DE9B385,Ireland,Male,53,"Sep 11, 2020 8:11:46 am","Sep 11, 2020 8:28:06 am",Complete,,,,English,,1599826306_5f5b6982117126.57224315,positive,present,5e1335206aab7c96df461666,lucy_loan.response,lucy_loan,response,"Her car is worth over 200,000 euros",,,,,,,,,,,,,,1,,1,,1,,,1,
3367,0.32903596,5f5cf00447755950260d0cd2,5cc5aacff6ef910019e51ecd,APPROVED,59:07.5,09:59.0,651.502,43,10:19.5,3833C7F5,United Kingdom,Female,38,"Sep 12, 2020 11:59:09 am","Sep 12, 2020 12:09:57 pm",Complete,,,,English,,1599926349_5f5cf04d932af6.04798755,negative,absent,5cc5aacff6ef910019e51ecd,lucy_loan.response,lucy_loan,response,even though she misses her old car her new car is reliable and she loves it,,,,,1,,,,,,,,,,,1,,1,,1,,
3441,0.232690824,5f5b8fea52a9212f2bacaf56,5dfba3e169a1178d07a55d65,APPROVED,56:09.4,06:44.6,635.263,20,41:34.6,510FA8B2,United Kingdom,Female,51,"Sep 11, 2020 10:56:11 am","Sep 11, 2020 11:06:43 am",Complete,,,,English,,1599836171_5f5b900b10f460.12991873,positive,absent,5dfba3e169a1178d07a55d65,lucy_loan.response,lucy_loan,response,she found a new car for cheaper,,,,,,,,,,,,1,,,,1,,1,,1,,
3305,0.027442303,5f5bc47ea4d19c367b0d351d,5e9ddd3544570614a6def456,APPROVED,40:02.2,07:00.4,1618.198,35,58:36.3,40D80FA4,United States,Female,23,"Sep 11, 2020 2:40:04 pm","Sep 11, 2020 3:06:56 pm",Complete,,,,English,,1599849604_5f5bc484d95a53.76824651,negative,present,5e9ddd3544570614a6def456,lucy_loan.response,lucy_loan,response,The car is found to need expensive repairs.,,,1,,,,,,,,,,,,1,,,1,,,,1
3457,0.829380348,5f5b653adef27f28b95b1e3f,5dc416f7f7bfb12dbfd7c1e6,APPROVED,55:23.7,08:03.3,759.64,43,15:19.2,4DE9B385,United Kingdom,Male,16,"Sep 11, 2020 7:55:26 am","Sep 11, 2020 8:08:00 am",Complete,,,,English,,1599825325_5f5b65adf2a8e7.47956158,positive,present,5dc416f7f7bfb12dbfd7c1e6,lucy_loan.response,lucy_loan,response,She didn't need a loan in the end because the money from the classic car covered it.,,,,,,,,,,,1,,,,,1,,1,,,1,
3387,0.958126349,5f5cf1077790915056f42194,58c565298a3f870001c0e70d,APPROVED,04:51.6,24:20.1,1168.481,31,11:01.2,3833C7F5,United Kingdom,Male,56,"Sep 12, 2020 12:04:57 pm","Sep 12, 2020 12:24:12 pm",Complete,,,,English,,1599926697_5f5cf1a94be453.92436914,negative,absent,58c565298a3f870001c0e70d,lucy_loan.response,lucy_loan,response,She decides not to get a new car.,,,,,,,,,,,,,1,,,,1,1,,1,,
3368,0.079133151,5f5cf01cce878751741a9ab0,5ce50e4054e33d0001189577,APPROVED,58:24.5,09:54.7,690.19,28,10:21.3,3833C7F5,United Kingdom,Female,31,"Sep 12, 2020 11:58:26 am","Sep 12, 2020 12:09:52 pm",Complete,,,,English,,1599926306_5f5cf02240c875.53987029,negative,absent,5ce50e4054e33d0001189577,lucy_loan.response,lucy_loan,response,She lists it again privately and someone buys it and promises to treasure it.,,,,,,,,1,,,,,,,,1,,,1,1,,
3478,0.436030733,5f5b6647062e0f28c2f3d8cc,5eaeaff5553e990009a3d8c0,APPROVED,01:08.0,08:38.7,450.696,65,16:21.5,4DE9B385,United Kingdom,Female,42,"Sep 11, 2020 8:01:10 am","Sep 11, 2020 8:08:37 am",Complete,,,,English,,1599825670_5f5b67062270f9.44284068,positive,present,5eaeaff5553e990009a3d8c0,lucy_loan.response,lucy_loan,response,"She mentions it to a friend, who offers a higher price than the dealer does.",,,,,,,,1,,,,,,,,1,,1,,1,,
3476,0.143454197,5f5b662c3e753428c032a68c,56cefc4cb009e1000aa73684,APPROVED,57:37.6,04:26.2,408.616,29,16:16.7,4DE9B385,United Kingdom,Female,28,"Sep 11, 2020 7:57:39 am","Sep 11, 2020 8:04:24 am",Complete,,,,English,,1599825459_5f5b663353bfb2.23706993,positive,present,56cefc4cb009e1000aa73684,lucy_loan.response,lucy_loan,response,The bank decided to still over Lucy a loan.,,,,,,,,,,1,,,,,,1,,1,,,,1
3407,0.179380682,5f5b8e246943f02d822badcb,5e6590b83b1ae1317a3230a9,APPROVED,48:18.5,02:10.2,831.655,19,40:27.6,510FA8B2,United Kingdom,Female,17,"Sep 11, 2020 10:48:20 am","Sep 11, 2020 11:02:07 am",Complete,,,,English,,1599835700_5f5b8e34af5893.34485354,positive,absent,5e6590b83b1ae1317a3230a9,lucy_loan.response,lucy_loan,response,"she buys a second hand car, and while cleaning it she finds a lottery ticket in one of the pockets which wins her 10 thousand pounds.",,,,,,,,,1,,,,,,,1,,1,,,,1
3477,0.805080875,5f5b6641dae8082944b5ad71,5cbe0f575c7161000191fe80,APPROVED,57:58.0,19:14.8,1276.815,25,16:19.2,4DE9B385,United Kingdom,Female,29,"Sep 11, 2020 7:57:59 am","Sep 11, 2020 8:19:11 am",Complete,,,,English,,1599825479_5f5b6647a18d35.84513576,positive,present,5cbe0f575c7161000191fe80,lucy_loan.response,lucy_loan,response,The car turns out to be worth more than expected and Lucy becomes a millionaire - something to do with the car having been in a Bond movie.,,,,,,,,,,,,,,1,,1,,1,,,1,
3402,0.200881348,5f5b8de5f7e8a70cc8472b64,5edf196f0ad20d1c592b6f29,APPROVED,47:01.5,57:37.9,636.406,46,40:18.3,510FA8B2,United Kingdom,Male,12,"Sep 11, 2020 10:47:04 am","Sep 11, 2020 10:57:36 am",Complete,,,,English,,1599835624_5f5b8de8b80132.51811587,positive,absent,5edf196f0ad20d1c592b6f29,lucy_loan.response,lucy_loan,response,The car dealer gives her a car,,,,,,,,,,,1,,,,,1,,1,,,1,
3414,0.987648892,5f5b8e950adc392e8f66d9c0,5ed66ce4f02f1209fc2bc33a,APPROVED,50:20.0,03:48.3,808.278,19,40:42.0,510FA8B2,United Kingdom,Female,31,"Sep 11, 2020 10:50:22 am","Sep 11, 2020 11:03:43 am",Complete,,,,English,,1599835821_5f5b8eadebb527.69080081,positive,absent,5ed66ce4f02f1209fc2bc33a,lucy_loan.response,lucy_loan,response,"Lucy manages to find someone interested in buying the car, despite it being a wreck.",,,,,,,,1,,,,,,,,1,,1,,1,,
3288,0.864434818,5f5bc29dc81d3636092e13bd,5f0098df68eebf076ed649a4,APPROVED,31:59.6,39:04.7,425.049,44,58:02.4,40D80FA4,United Kingdom,Male,5,"Sep 11, 2020 2:32:01 pm","Sep 11, 2020 2:39:02 pm",Complete,,,,English,,1599849121_5f5bc2a1c61665.48567357,negative,present,5f0098df68eebf076ed649a4,lucy_loan.response,lucy_loan,response,She crashed the car ,,1,,,,,,,,,,,,,1,,,1,,1,,
3482,0.018452541,5f5b668b9a3ef6296c8ee682,5eca601af9ac0e5879c8e2c6,APPROVED,59:18.0,03:18.1,240.098,20,16:29.5,4DE9B385,United Kingdom,Male,32,"Sep 11, 2020 7:59:19 am","Sep 11, 2020 8:03:16 am",Complete,,,,English,,1599825559_5f5b6697208100.99179651,positive,present,5eca601af9ac0e5879c8e2c6,lucy_loan.response,lucy_loan,response,She wants to keep it for souvenir purposes,,,,,,,,,,,,,1,,,1,,,1,1,,
3373,0.943857254,5f5cf050fff4124ff943d364,5e5e7e81381c27000b1e9cba,APPROVED,59:18.2,06:39.6,441.39,32,10:32.7,3833C7F5,United Kingdom,Female,37,"Sep 12, 2020 11:59:22 am","Sep 12, 2020 12:06:36 pm",Complete,,,,English,,1599926361_5f5cf059e20770.28168041,negative,absent,5e5e7e81381c27000b1e9cba,lucy_loan.response,lucy_loan,response,Her old car is worth nothing. ,,,,,1,,,,,,,,,,1,,,1,,,1,
3364,0.062312319,5f5cefdcef8a090b2813f91a,5cd01e707e84a20017fddc02,APPROVED,03:10.2,15:23.3,733.094,63,10:13.2,3833C7F5,United Kingdom,Female,54,"Sep 12, 2020 12:03:13 pm","Sep 12, 2020 12:15:21 pm",Complete,,,,English,,1599926593_5f5cf1413935b8.57220886,negative,absent,5cd01e707e84a20017fddc02,lucy_loan.response,lucy_loan,response,She goes to another dealer who realises that her old car is a classic and gives her enough money to buy a new one.,,,,,,,,1,,,,,,,,1,,1,,,,1
3427,0.720215613,5f5b8f1d58c9fb2e9bc13658,5f00927aa282921b44625ab8,APPROVED,52:16.6,09:18.8,1022.262,20,41:09.1,510FA8B2,United Kingdom,Female,48,"Sep 11, 2020 10:52:18 am","Sep 11, 2020 11:09:15 am",Complete,,,,English,,1599835938_5f5b8f223721a0.22468767,positive,absent,5f00927aa282921b44625ab8,lucy_loan.response,lucy_loan,response,she wins the lottery and buys a tesla,,,,,,,,,1,,,,,,,1,,,1,1,,
3299,0.835613521,5f5bc38e91f8b63584ef4d6c,5ef245fe2d8f67143808d5fc,APPROVED,36:03.3,44:40.0,516.646,23,58:24.8,40D80FA4,United Kingdom,Female,14,"Sep 11, 2020 2:36:04 pm","Sep 11, 2020 2:44:37 pm",Complete,,,,English,,1599849364_5f5bc3947cde53.65036387,negative,present,5ef245fe2d8f67143808d5fc,lucy_loan.response,lucy_loan,response,Her car is damaged and stops working ,,,1,,,,,,,,,,,,1,,,1,,,,1
3369,0.690083031,5f5cf025fcfd084fb53cd4bd,5b0d9494e9270900013bd5a5,APPROVED,58:32.6,14:03.4,930.82,31,10:23.6,3833C7F5,United Kingdom,Female,36,"Sep 12, 2020 11:58:34 am","Sep 12, 2020 12:14:01 pm",Complete,,,,English,,1599926314_5f5cf02a787718.17846832,negative,absent,5b0d9494e9270900013bd5a5,lucy_loan.response,lucy_loan,response,Lucy realises that she needs to get her priorities right. How can she hate something and feel sentimental towards it at the same time? Lucy gets an uber instead.,,,,,1,,,,,,,,,,,,1,,1,1,,
3428,0.2335995,5f5b8f238f94512e048f0635,5f29cd7e87f62615d79a7df3,APPROVED,52:20.9,06:02.5,821.581,19,41:11.2,510FA8B2,United Kingdom,Male,34,"Sep 11, 2020 10:52:22 am","Sep 11, 2020 11:06:00 am",Complete,,,,English,,1599835942_5f5b8f268d0b42.31561502,positive,absent,5f29cd7e87f62615d79a7df3,lucy_loan.response,lucy_loan,response,Her loan application is denied and now she cant get a new car,1,,,,,,,,,,,,,,1,,,1,,,,1
3341,0.926234435,5f5ced8d674b950b3eb6b28d,5e08b611361a851bde3ce928,APPROVED,48:47.1,21:47.9,1980.839,34,09:26.4,3833C7F5,United Kingdom,Female,6,"Sep 12, 2020 11:48:49 am","Sep 12, 2020 12:21:42 pm",Complete,,,,English,,1599925729_5f5cede15a5252.01531996,negative,absent,5e08b611361a851bde3ce928,lucy_loan.response,lucy_loan,response,"The car dealer, feeling sorry for Lucy, looks around  and turns to her and quietly whispers that he has this old mate of his who has a couple of cheap but decent cars to sell, and would Lucy be interested.",,,,,,,,,,,1,,,,,1,,1,,,1,
3385,0.769878321,5f5cf0f035193650c9abf9ab,5efa601eae7659158ead1753,APPROVED,01:58.0,11:48.2,590.204,32,10:57.3,3833C7F5,United Kingdom,Female,50,"Sep 12, 2020 12:02:02 pm","Sep 12, 2020 12:11:42 pm",Complete,,,,English,,1599926522_5f5cf0fa54efc4.33683768,negative,absent,5efa601eae7659158ead1753,lucy_loan.response,lucy_loan,response,the bank refused a loan,1,,,,,,,,,,,,,,1,,,1,,,,1
3420,0.355007285,5f5b8eca6c83442de4a1f96f,5e5e882ba3b41303aee46e90,APPROVED,50:56.0,25:33.1,2077.147,24,40:55.1,510FA8B2,United Kingdom,Female,30,"Sep 11, 2020 10:51:00 am","Sep 11, 2020 11:25:28 am",Complete,,,,English,,1599835860_5f5b8ed430fc99.96928355,positive,absent,5e5e882ba3b41303aee46e90,lucy_loan.response,lucy_loan,response,The bank rejects her application for a loan for a car. ,1,,,,,,,,,,,,,,1,,,1,,,,1
3322,0.655861773,5f5bc5bbe06d3536770d7e78,5e8646ec42953f0e9bd50696,APPROVED,45:20.0,59:31.6,851.641,56,59:11.3,40D80FA4,United Kingdom,Female,40,"Sep 11, 2020 2:45:23 pm","Sep 11, 2020 2:59:27 pm",Complete,,,,English,,1599849923_5f5bc5c3b902f9.86482216,negative,present,5e8646ec42953f0e9bd50696,lucy_loan.response,lucy_loan,response,Lucy keeps her old car.,,,,,,,,,,,,,1,,,,1,1,,1,,
3500,0.114803938,5f5b74da9496f42a3868b33f,5def73f02ae04260076d88f8,APPROVED,00:10.8,13:14.6,783.785,29,16:59.2,4DE9B385,United Kingdom,Male,56,"Sep 11, 2020 9:00:15 am","Sep 11, 2020 9:13:13 am",Complete,,,,English,,1599829215_5f5b74df965318.19216548,positive,present,5def73f02ae04260076d88f8,lucy_loan.response,lucy_loan,response,She crashes it on the way to the dealership ,,1,,,,,,,,,,,,,1,,,1,,1,,
3371,0.908563341,5f5cf02d2a36a4510728d381,5ef7a49312ad194daa2ecefe,APPROVED,58:40.8,09:03.4,622.6,30,10:28.2,3833C7F5,United Kingdom,Female,35,"Sep 12, 2020 11:58:42 am","Sep 12, 2020 12:09:02 pm",Complete,,,,English,,1599926322_5f5cf0320a6a39.98694024,negative,absent,5ef7a49312ad194daa2ecefe,lucy_loan.response,lucy_loan,response,she buys a new car and is not sad anymore,,,,,1,,,,,,,,,,,1,,1,,1,,
3309,0.297163813,5f5bc49c8bceaa35760701cf,5ea858d3147cf42814e07612,APPROVED,40:39.2,48:27.3,468.11,20,58:44.3,40D80FA4,United States,Male,26,"Sep 11, 2020 2:40:41 pm","Sep 11, 2020 2:48:25 pm",Complete,,,,English,,1599849641_5f5bc4a9607516.67899907,negative,present,5ea858d3147cf42814e07612,lucy_loan.response,lucy_loan,response,She decides not to sell it.,,,,,,,,,,,,,1,,,,1,1,,1,,
3343,0.337801172,5f5cedfd28e7914fe36fefec,5877066b1ed9d10001050b9a,APPROVED,49:19.9,02:58.2,818.335,52,09:30.3,3833C7F5,United Kingdom,Female,4,"Sep 12, 2020 11:49:21 am","Sep 12, 2020 12:02:56 pm",Complete,,,,English,,1599925761_5f5cee01a43194.68592909,negative,absent,5877066b1ed9d10001050b9a,lucy_loan.response,lucy_loan,response,She decides to restore her old car and not buy a new one,,,,,,,,,,,,,1,,,1,,1,,1,,
3431,0.528366334,5f5b8f7810ec482e85cc8067,5e97039d77e41b023228fa5a,APPROVED,54:51.2,06:58.4,727.223,43,15:26.8,510FA8B2,United Kingdom,Female,63,"Sep 11, 2020 1:41:43 pm","Sep 11, 2020 2:04:09 pm",Complete,,,,English,,1599846103_5f5bb6d7042460.00072875,positive,absent,5e97039d77e41b023228fa5a,lucy_loan.response,lucy_loan,response,Lucy changes her mind about getting a new car and gets a motorbike instead,,,,,,,1,,,,,,,,,,1,1,,1,,
3374,0.846328376,5f5cf05d30ec6f514093c7fc,5c9139d85c6c0200156977e6,APPROVED,59:29.1,06:08.6,399.515,28,10:34.7,3833C7F5,United Kingdom,Female,40,"Sep 12, 2020 11:59:30 am","Sep 12, 2020 12:06:06 pm",Complete,,,,English,,1599926370_5f5cf062a97043.73156947,negative,absent,5c9139d85c6c0200156977e6,lucy_loan.response,lucy_loan,response,She decides to keep the old car instead.,,,,,,,,,,,,,1,,,,1,1,,1,,
3464,0.833307327,5f5b65899aa6fd2962ea9b55,5836e4bda37e9b000108c2ac,APPROVED,56:00.9,03:56.1,475.156,50,15:34.2,4DE9B385,United Kingdom,Female,22,"Sep 11, 2020 7:56:02 am","Sep 11, 2020 8:03:51 am",Complete,,,,English,,1599825362_5f5b65d2d50668.52178241,positive,present,5836e4bda37e9b000108c2ac,lucy_loan.response,lucy_loan,response,The money for the old car pays for the new car,,,,,,,,,,,,1,,,,1,,1,,,1,
3486,0.491990676,5f5b66b58e2b6628fa8b6ae3,5f06f38a859dcb278b6e92f7,APPROVED,59:57.8,08:04.3,486.508,18,16:38.1,4DE9B385,United Kingdom,Male,38,"Sep 11, 2020 8:00:00 am","Sep 11, 2020 8:08:01 am",Complete,,,,English,,1599825600_5f5b66c0c4dac5.13410184,positive,present,5f06f38a859dcb278b6e92f7,lucy_loan.response,lucy_loan,response,"After sale, she gets a better offer.",,,,,1,,,,,,,,,,,1,,,1,,1,
3365,0.231628118,5f5cefe10fb28e50dcfbb6ca,5eb34cf21cabb113d4fc0f2d,APPROVED,57:24.9,04:00.1,395.268,19,10:15.5,3833C7F5,United Kingdom,Male,25,"Sep 12, 2020 11:57:27 am","Sep 12, 2020 12:03:58 pm",Complete,,,,English,,1599926247_5f5cefe71fac10.95642998,negative,absent,5eb34cf21cabb113d4fc0f2d,lucy_loan.response,lucy_loan,response,She manages to sell it for a high value.,,,,,,,,1,,,,,,,,1,,1,,1,,
3456,0.454232787,5f5b6524291dc628dbf71e61,5c27b1270091e40001ca1d1b,APPROVED,53:11.5,58:21.0,309.435,39,15:17.4,4DE9B385,United Kingdom,Female,9,"Sep 11, 2020 7:53:13 am","Sep 11, 2020 7:58:18 am",Complete,,,,English,,1599825193_5f5b65298b3c74.24890936,positive,present,5c27b1270091e40001ca1d1b,lucy_loan.response,lucy_loan,response,her new car breaks down,,,1,,,,,,,,,,,,1,,,1,,,1,
3419,0.805604577,5f5b8ec6e585c32e3cf7184c,5dfb4689ecb3ea86da0fd236,APPROVED,50:49.6,58:43.6,473.997,30,40:53.1,510FA8B2,Ireland,Female,28,"Sep 11, 2020 10:51:22 am","Sep 11, 2020 10:58:42 am",Complete,,,,English,,1599835882_5f5b8eead11640.55339929,positive,absent,5dfb4689ecb3ea86da0fd236,lucy_loan.response,lucy_loan,response,She wins the lotto,,,,,,,,,1,,,,,,,1,,,1,,1,
3286,0.148991396,5f5bc1dec090eb355b1dade1,5cd02c98ec9cad001834e76a,APPROVED,28:52.0,37:35.9,523.956,27,57:58.4,40D80FA4,United Kingdom,Female,3,"Sep 11, 2020 2:29:02 pm","Sep 11, 2020 2:37:33 pm",Complete,,,,English,,1599848942_5f5bc1ee5b0c73.27485616,negative,present,5cd02c98ec9cad001834e76a,lucy_loan.response,lucy_loan,response,Lucy is offered so much for her car that she doesn't need the bank loan,,,,,,,,,,,,,,1,,1,,1,,,1,
3406,0.542695045,5f5b8e19a009212e6239e96a,5dc0b5fc0016bb061eaec90c,APPROVED,48:30.1,18:51.8,1821.689,35,40:25.9,510FA8B2,United Kingdom,Female,14,"Sep 11, 2020 10:48:35 am","Sep 11, 2020 11:18:39 am",Complete,,,,English,,1599835715_5f5b8e43bd5423.35178617,positive,absent,5dc0b5fc0016bb061eaec90c,lucy_loan.response,lucy_loan,response,"She gets in touch with an online car company to give her a quote on selling her car.  She was their 1,000,000th customer and they dispose of her car and she wins a brand new top of the line car! She doesn't need the loan after all!",,,,,,,,,,,1,,,,,1,,1,,,1,
3443,0.544694613,5f5b8ff78ddeed2f1af956c3,5f04d5b3973f3714f5492709,APPROVED,56:11.3,09:17.3,786.014,20,41:38.4,510FA8B2,United Kingdom,Female,57,"Sep 11, 2020 10:56:13 am","Sep 11, 2020 11:09:15 am",Complete,,,,English,,1599836173_5f5b900d417d77.31870310,positive,absent,5f04d5b3973f3714f5492709,lucy_loan.response,lucy_loan,response,It is actually worth a lot ,,,,,,,,,,,,,,1,,1,,,1,,1,
3342,0.731118563,5f5ceddb3e753450378e3a2d,5efa0eb2fce41c0c97d19210,APPROVED,49:11.5,10:29.8,1278.311,32,09:28.3,3833C7F5,United Kingdom,Female,7,"Sep 12, 2020 11:50:00 am","Sep 12, 2020 12:10:21 pm",Complete,,,,English,,1599925800_5f5cee281ac800.89105150,negative,absent,5efa0eb2fce41c0c97d19210,lucy_loan.response,lucy_loan,response,A car parts collector happens to walk by and asks To check the serial number on some bits of her car. Turns out that several parts are worth a fortune and could make Lucy set for life. She decides she doesn't care and drives her crappy car home again. ,,,,,,,,,,,,,1,,,,1,1,,1,,
3447,0.587011405,5f5ba4dd2f9ff7315ae36298,5f43c9fbe038cc0b2deb75d8,APPROVED,28:02.9,40:33.6,750.654,47,22:34.3,510FA8B2,United Kingdom,Female,62,"Sep 11, 2020 12:28:05 pm","Sep 11, 2020 12:40:29 pm",Complete,,,,English,,1599841685_5f5ba5953ffce1.48480670,positive,absent,5f43c9fbe038cc0b2deb75d8,lucy_loan.response,lucy_loan,response,she gets a loan and bad news about the price she gets for her car,,,,,,,,,,1,,,,,,,1,1,,,1,
3376,0.453939422,5f5cf06ed56e315077da79a4,5ee6208d05de7603946ebf53,APPROVED,59:47.2,07:44.2,476.964,18,10:38.6,3833C7F5,United Kingdom,Male,39,"Sep 12, 2020 11:59:48 am","Sep 12, 2020 12:07:43 pm",Complete,,,,English,,1599926388_5f5cf0747acf18.31058727,negative,absent,5ee6208d05de7603946ebf53,lucy_loan.response,lucy_loan,response,someone offers to buy the car off her for a large amount,,,,,,,,,,,,,,1,,1,,1,,,1,
3415,0.587854838,5f5b8e9f7b31432dc487641a,59e7362fe75b450001a69349,APPROVED,50:12.3,04:18.4,846.159,83,40:44.0,510FA8B2,United Kingdom,Male,23,"Sep 11, 2020 10:50:14 am","Sep 11, 2020 11:04:16 am",Complete,,,,English,,1599835814_5f5b8ea6c60d70.77204593,positive,absent,59e7362fe75b450001a69349,lucy_loan.response,lucy_loan,response,she charmed the car dealer to get a discount,,,,,,,,,,,,1,,,,1,,1,,1,,
3463,0.070388947,5f5b656aef06252867fcb1ef,5e1dcb521a938a1356cc585e,APPROVED,54:18.0,11:21.0,1022.941,25,15:31.9,4DE9B385,United Kingdom,Male,14,"Sep 11, 2020 7:54:20 am","Sep 11, 2020 8:11:17 am",Complete,,,,English,,1599825260_5f5b656c46e6f2.02604599,positive,present,5e1dcb521a938a1356cc585e,lucy_loan.response,lucy_loan,response,"Another car enters the garage at breakneck speed, veering into the side of Lucy's car. The driver rolls down the window and apologises. Lucy, enraged, takes a tire iron and smashes in the man's windows. ",,1,,,,,,,,,,,,,1,,,1,,1,,
3294,0.200914451,5f5bc34f1181c5355385f4f1,5f243136d49d850136696693,APPROVED,35:28.2,53:40.9,1092.755,22,58:15.0,40D80FA4,United States,Male,10,"Sep 11, 2020 2:35:30 pm","Sep 11, 2020 2:53:35 pm",Complete,,,,English,,1599849330_5f5bc3727e99a8.34376137,negative,present,5f243136d49d850136696693,lucy_loan.response,lucy_loan,response,Her neighbor buys her old car.,,,,,,,,1,,,,,,,,1,,1,,,1,
3346,0.892078172,5f5cee8e47e6d8505762f70f,5e176ae1096a5e065c70a28b,APPROVED,51:44.5,58:52.1,427.587,21,09:36.4,3833C7F5,United Kingdom,Female,10,"Sep 12, 2020 11:51:52 am","Sep 12, 2020 11:58:49 am",Complete,,,,English,,1599925912_5f5cee988b2663.03293242,negative,absent,5e176ae1096a5e065c70a28b,lucy_loan.response,lucy_loan,response,she doesn't need to sell it anymore,,,,,,,,,,,,,1,,,1,,1,,,,1
3460,0.317079983,5f5b653e3341c22960163912,5c0c24711b80df00017827ea,APPROVED,54:06.8,03:20.5,553.792,32,15:25.7,4DE9B385,United Kingdom,Female,13,"Sep 11, 2020 7:54:10 am","Sep 11, 2020 8:03:14 am",Complete,,,,English,,1599825250_5f5b6562011e46.73435543,positive,present,5c0c24711b80df00017827ea,lucy_loan.response,lucy_loan,response,Batman buys the car as his new batmobile,,,,,,,,1,,,,,,,,1,,1,,,1,
3421,0.068680495,5f5b8ee371abb22edd2cc4ba,57b4d420869234000179f45a,APPROVED,51:18.3,58:19.5,421.22,60,40:57.2,510FA8B2,United Kingdom,Female,26,"Sep 11, 2020 10:51:20 am","Sep 11, 2020 10:58:14 am",Complete,,,,English,,1599835880_5f5b8ee8329992.37306235,positive,absent,57b4d420869234000179f45a,lucy_loan.response,lucy_loan,response,The bank rang to say her loan was accepted,,,,,,,,,,1,,,,,,1,,1,,,,1
3453,0.96325387,5f5b649546c58b295460b78e,5e65408fdf313c2bcfa6e24f,APPROVED,51:21.7,00:02.4,520.697,20,15:10.7,4DE9B385,United Kingdom,Female,6,"Sep 11, 2020 7:51:23 am","Sep 11, 2020 7:59:59 am",Complete,,,,English,,1599825083_5f5b64bb706b88.01178787,positive,present,5e65408fdf313c2bcfa6e24f,lucy_loan.response,lucy_loan,response,her car breaks down and looses some of its worth ,,,1,,,,,,,,,,,,1,,,1,,,1,
3336,0.061254313,5f5bd0baada163373988df15,5de0803843e90d0fcc462b13,APPROVED,32:15.9,42:58.3,642.352,27,59:39.3,40D80FA4,United Kingdom,Male,59,"Sep 11, 2020 3:32:17 pm","Sep 11, 2020 3:42:56 pm",Complete,,,,English,,1599852737_5f5bd0c19274f1.34385559,negative,present,5de0803843e90d0fcc462b13,lucy_loan.response,lucy_loan,response,She gets hit by a motorbike and dies.,,1,,,,,,,,,,,,,1,,,,1,,1,
3319,0.740416644,5f5bc55cc9d65f35671e256b,5f2ac77688f11d39a0aaf463,APPROVED,43:43.3,00:36.7,1013.353,25,59:05.3,40D80FA4,United Kingdom,Female,32,"Sep 11, 2020 2:43:45 pm","Sep 11, 2020 3:00:32 pm",Complete,,,,English,,1599849825_5f5bc5615936b0.06517201,negative,present,5f2ac77688f11d39a0aaf463,lucy_loan.response,lucy_loan,response,"The car dealer themselves offered to buy the car in exchange for their pet pony. Lucy wanted a pony her whole childhood, but now fears what owning a pony would entail. ",,,,,1,,,,,,,,,,,,1,1,,,,1
3487,0.654608053,5f5b66bab4ff950753d609ee,5e497cd2bc594a3f7d0706f9,APPROVED,59:54.0,05:28.2,334.184,30,16:39.9,4DE9B385,United Kingdom,Female,34,"Sep 11, 2020 7:59:57 am","Sep 11, 2020 8:05:24 am",Complete,,,,English,,1599825597_5f5b66bd05c409.45507810,positive,present,5e497cd2bc594a3f7d0706f9,lucy_loan.response,lucy_loan,response,Her car is worth more than she realised and she can get a better newer car,,,,,,,,,,,,,,1,,1,,1,,,,1
3339,0.263617416,5f5ced4dc911170ad8cfb109,5e69508d30914f20a575f06d,APPROVED,46:21.5,50:12.9,231.441,18,09:22.4,3833C7F5,Ireland,Male,3,"Sep 12, 2020 11:46:25 am","Sep 12, 2020 11:50:11 am",Complete,,,,English,,1599925585_5f5ced515dd123.97011380,negative,absent,5e69508d30914f20a575f06d,lucy_loan.response,lucy_loan,response,she bought it,,,,,,,,,,,1,,,,,,1,,1,1,,
3293,0.128735025,5f5bc33de742b5368eb1fec9,5f219d5c62e3b6591773267f,APPROVED,34:40.4,01:40.4,1619.974,29,58:12.9,40D80FA4,United Kingdom,Female,9,"Sep 11, 2020 2:34:41 pm","Sep 11, 2020 3:01:37 pm",Complete,,,,English,,1599849281_5f5bc341b55a39.80856004,negative,present,5f219d5c62e3b6591773267f,lucy_loan.response,lucy_loan,response,"Whilst looking around the dealership someone spots her car and approaches her and asks how much she's selling it on for. She replies she isn't. Her phone is ringing it and when she answers it, it's the bank calling back to say she's not eligible for a loan. She's now in a position where she's unable to buy a new car until she bites the bullet and lets her old car go - sentimental reasons and all. ",1,,,,,,,,,,,,,,1,,,1,,,,1
3454,0.198852049,5f5b64b9eeba9d07ab78edff,591801345020970001c19493,APPROVED,51:36.7,03:59.3,742.566,33,15:12.9,4DE9B385,United Kingdom,Female,8,"Sep 11, 2020 7:51:43 am","Sep 11, 2020 8:03:54 am",Complete,,,,English,,1599825103_5f5b64cf286086.84209189,positive,present,591801345020970001c19493,lucy_loan.response,lucy_loan,response,an acquaintance hears that she is selling it and offers even more than the car dealer.,,,,,,,,1,,,,,,,,1,,1,,,1,
3450,0.130494238,5f5b63c6be186728fbb548fb,5bf2f4028e5b8b00018d9b88,APPROVED,47:20.3,53:20.2,359.957,30,15:04.9,4DE9B385,United Kingdom,Male,3,"Sep 11, 2020 7:47:21 am","Sep 11, 2020 7:53:18 am",Complete,,,,English,,1599824841_5f5b63c9ae06b4.19607742,positive,present,5bf2f4028e5b8b00018d9b88,lucy_loan.response,lucy_loan,response,a reasonable deal occured ,,,,,,,,1,,,,,,,,1,,1,,,,1
3338,0.2763875,5f5cecca5a310850888708dc,5e7b6d4e6817bd16806d78ae,APPROVED,44:39.5,05:13.2,1233.723,36,09:20.5,3833C7F5,United Kingdom,Male,2,"Sep 12, 2020 11:44:42 am","Sep 12, 2020 12:05:11 pm",Complete,,,,English,,1599925481_5f5cece9e032c0.36546345,negative,absent,5e7b6d4e6817bd16806d78ae,lucy_loan.response,lucy_loan,response,"Lucy changes her mind and decides to keep the car, putting it into the garage for the work needed to keep it roadworthy. 'Wreck' is subjective, she thinks. Some things are worth keeping!",,,,,,,,,,,,,1,,,1,,1,,1,,
3442,0.840256318,5f5b8ff40b08972eeffed67c,5e540b9b25baaf40438073bb,APPROVED,55:59.1,40:56.3,2697.241,58,41:36.4,510FA8B2,United Kingdom,Female,55,"Sep 11, 2020 10:56:04 am","Sep 11, 2020 11:40:54 am",Complete,,,,English,,1599836163_5f5b9003d82e50.38804062,positive,absent,5e540b9b25baaf40438073bb,lucy_loan.response,lucy_loan,response,"While she is talking to the car dealer a stranger, who was walking past, stops and comments that the car Lucy is selling is just like the one he remembers his late father driving when he was young. He is so nostalgic about the car that he offers to buy it for more than her new car will cost.",,,,,,,,1,,,,,,,,1,,1,,,1,
3401,0.334998782,5f5b8de0a340222dc59007d4,5ef21a978041c001e2b10a9b,APPROVED,46:58.9,56:25.5,566.61,25,40:16.3,510FA8B2,United Kingdom,Female,13,"Sep 11, 2020 10:47:00 am","Sep 11, 2020 10:56:23 am",Complete,,,,English,,1599835620_5f5b8de432b7c9.10347755,positive,absent,5ef21a978041c001e2b10a9b,lucy_loan.response,lucy_loan,response,Lucy wins the lottery.,,,,,,,,,1,,,,,,,1,,,1,,1,
3363,0.895388449,5f5cefc8d9952550fe8af1aa,5ce1aee8a80ce000014ae0f5,APPROVED,57:02.0,05:54.1,532.094,49,10:10.9,3833C7F5,United Kingdom,Female,26,"Sep 12, 2020 11:57:04 am","Sep 12, 2020 12:05:51 pm",Complete,,,,English,,1599926224_5f5cefd08aa160.68892400,negative,absent,5ce1aee8a80ce000014ae0f5,lucy_loan.response,lucy_loan,response,she finds a ¬£50 note down the back of the seat,,,,,,,,,1,,,,,,,1,,,1,,,1
3298,0.214671573,5f5bc38846d1423622c5a7d7,57bdd76370808a00012d9829,APPROVED,35:55.4,46:06.8,611.355,36,58:22.7,40D80FA4,United Kingdom,Male,11,"Sep 11, 2020 2:35:57 pm","Sep 11, 2020 2:46:03 pm",Complete,,,,English,,1599849357_5f5bc38d66f487.05210665,negative,present,57bdd76370808a00012d9829,lucy_loan.response,lucy_loan,response,she wins a new car instead and gets to keep her old car,,,,,,,,,,,1,,,,,1,,1,,,1,
3458,0.602927821,5f5b653ba5d80828565a289c,5d1bc78f79ca6c00011afbe5,APPROVED,53:40.6,09:28.8,948.209,44,15:21.3,4DE9B385,United Kingdom,Female,15,"Sep 11, 2020 7:53:43 am","Sep 11, 2020 8:09:24 am",Complete,,,,English,,1599825223_5f5b654702c120.73827320,positive,present,5d1bc78f79ca6c00011afbe5,lucy_loan.response,lucy_loan,response,Someone crashes into her old car and it is no longer worth as much,,1,,,,,,,,,,,,,1,,,1,,,1,
3381,0.479089798,5f5cf0bba5d808500c567e92,5f0e22f2f5e4e1139be7ae38,APPROVED,02:49.4,15:13.9,744.449,27,10:48.9,3833C7F5,United Kingdom,Male,53,"Sep 12, 2020 12:02:54 pm","Sep 12, 2020 12:15:11 pm",Complete,,,,English,,1599926574_5f5cf12eb310c4.09212717,negative,absent,5f0e22f2f5e4e1139be7ae38,lucy_loan.response,lucy_loan,response,The car dealer recheck the details of Lucys car and find it is worth more than they originally said ,,,,,,,,,,,,,,1,,1,,1,,,1,
3311,0.988494709,5f5bc4a3829f793598e4c44f,5d4b36bf137506001bb6b366,APPROVED,40:39.5,49:15.5,516.01,33,58:48.2,40D80FA4,United Kingdom,Female,25,"Sep 11, 2020 2:40:41 pm","Sep 11, 2020 2:49:13 pm",Complete,,,,English,,1599849641_5f5bc4a99597f7.37505522,negative,present,5d4b36bf137506001bb6b366,lucy_loan.response,lucy_loan,response,She crashes the new car,,1,,,,,,,,,,,,,1,,,1,,1,,
3446,0.116691569,5f5ba4b08e2b6631b9cb559e,5ce9b0e4be5a6b00163f6870,APPROVED,24:16.9,49:24.9,1507.978,54,20:03.9,510FA8B2,United Kingdom,Male,61,"Sep 11, 2020 12:24:26 pm","Sep 11, 2020 12:49:22 pm",Complete,,,,English,,1599841466_5f5ba4ba22e075.26711366,positive,absent,5ce9b0e4be5a6b00163f6870,lucy_loan.response,lucy_loan,response,The car dealer feels guilty and has a change of heart. He offers Lucy a good price for her car and afterwards he has an unusual warm feeling in his stomach. It is a few moments before he realizes the warm feeling is happiness. ,,,,,,,,1,,,,,,,,1,,1,,,1,
3475,0.39150877,5f5b6607291dc628dbf71e63,5c389923184bfd00010b4ce7,APPROVED,56:57.5,02:27.3,329.803,46,16:14.6,4DE9B385,United Kingdom,Male,26,"Sep 11, 2020 7:56:59 am","Sep 11, 2020 8:02:25 am",Complete,,,,English,,1599825419_5f5b660b16f971.07314375,positive,present,5c389923184bfd00010b4ce7,lucy_loan.response,lucy_loan,response,Someone offers her ¬£80k for her old car,,,,,,,,,,,,,,1,,1,,1,,,1,
3290,0.016995998,5f5bc2d1c1774d3675585d32,58eec4b09fbdde00011e95b0,APPROVED,39:08.8,52:15.1,786.352,30,58:06.5,40D80FA4,United Kingdom,Male,38,"Sep 11, 2020 2:39:10 pm","Sep 11, 2020 2:52:10 pm",Complete,,,,English,,1599849550_5f5bc44e936b21.12647266,negative,present,58eec4b09fbdde00011e95b0,lucy_loan.response,lucy_loan,response,Someone crashes into her parked car rendering it worthless.,,1,,,,,,,,,,,,,1,,,1,,,1,
3448,0.59146167,5f5d34532f9ff756b6fe3124,5e57b60b2019d515eeadf114,APPROVED,49:23.4,57:03.6,460.186,27,11:38.9,40D80FA4,Ireland,Female,63,"Sep 12, 2020 4:49:26 pm","Sep 12, 2020 4:57:00 pm",Complete,,,,English,,1599943766_5f5d34566da713.40304541,negative,present,5e57b60b2019d515eeadf114,lucy_loan.response,lucy_loan,response,She wins the lottery and can buy a new car and keep the old one,,,,,,,,,1,,,,,,,1,,1,,,1,
3470,0.371090838,5f5b65c80b0a3e07df98a55c,5cd5fe480f0de600018e7251,APPROVED,55:54.1,04:13.2,499.136,27,16:03.6,4DE9B385,United Kingdom,Female,21,"Sep 11, 2020 7:55:56 am","Sep 11, 2020 8:04:11 am",Complete,,,,English,,1599825356_5f5b65cc01b3b0.88522059,positive,present,5cd5fe480f0de600018e7251,lucy_loan.response,lucy_loan,response,She doesn't get the loan for a new car.,1,,,,,,,,,,,,,,1,,,1,,,,1
3429,0.758257817,5f5b8f2aec0fc20ce4629201,5d5d13312a28f400015a5b6f,APPROVED,52:31.3,10:29.3,1078.017,30,41:13.0,510FA8B2,United Kingdom,Female,35,"Sep 11, 2020 10:52:39 am","Sep 11, 2020 11:10:24 am",Complete,,,,English,,1599835959_5f5b8f3782b726.33488655,positive,absent,5d5d13312a28f400015a5b6f,lucy_loan.response,lucy_loan,response,Lucy got a very good price for her car.,,,,,,,,1,,,,,,,,1,,1,,,1,
3356,0.007095606,5f5cef73f0fc870a83507ed1,5de6b966dbc356646feb275b,APPROVED,01:22.1,13:37.0,734.921,29,09:57.0,3833C7F5,United Kingdom,Female,49,"Sep 12, 2020 12:01:26 pm","Sep 12, 2020 12:13:31 pm",Complete,,,,English,,1599926486_5f5cf0d6cac652.06117097,negative,absent,5de6b966dbc356646feb275b,lucy_loan.response,lucy_loan,response,someone comes along and offers to buy her car,,,,,,,,1,,,,,,,,1,,1,,,1,
3468,0.984694255,5f5b65b3e150072909380224,5ee13b0693ab7b146b37bc5b,APPROVED,55:34.2,33:24.4,2270.223,36,15:42.9,4DE9B385,United Kingdom,Female,54,"Sep 11, 2020 7:55:35 am","Sep 11, 2020 8:33:22 am",Complete,,,,English,,1599825335_5f5b65b7ce98c5.37709093,positive,present,5ee13b0693ab7b146b37bc5b,lucy_loan.response,lucy_loan,response,Her car breaks down,,,1,,,,,,,,,,,,1,,,1,,,1,
3326,0.784609999,5f5bc5ccec0fc214cd296194,5c23615d70d93a0001202ea2,APPROVED,45:41.7,27:23.1,2501.369,28,59:19.1,40D80FA4,United Kingdom,Male,43,"Sep 11, 2020 2:45:50 pm","Sep 11, 2020 3:27:20 pm",Complete,,,,English,,1599849950_5f5bc5dea7b758.96344426,negative,present,5c23615d70d93a0001202ea2,lucy_loan.response,lucy_loan,response,she keeps the car but still buys the new one ,,,,,,,,,,,,,1,,,,1,1,,1,,
3325,0.898281635,5f5bc5c58578073672a1a7a8,5d6e5990e77e580001531bc9,APPROVED,45:25.9,56:57.2,691.341,42,59:17.2,40D80FA4,United Kingdom,Female,41,"Sep 11, 2020 2:45:28 pm","Sep 11, 2020 2:56:55 pm",Complete,,,,English,,1599849928_5f5bc5c8cfaad2.01093545,negative,present,5d6e5990e77e580001531bc9,lucy_loan.response,lucy_loan,response,"She decides to trade it for a tesla, because why the hell not",,,,,,,,,,,1,,,,,1,,,1,1,,
3366,0.685160091,5f5ceffa9adc850b2a4c8ad2,5f2129c9a6dae44937cfcb99,APPROVED,57:46.1,05:32.9,466.766,30,10:17.2,3833C7F5,United Kingdom,Female,28,"Sep 12, 2020 11:57:49 am","Sep 12, 2020 12:05:30 pm",Complete,,,,English,,1599926269_5f5ceffd292683.91572253,negative,absent,5f2129c9a6dae44937cfcb99,lucy_loan.response,lucy_loan,response,A passing  man stops to look at her car and makes her an enormous offer on it as he has realised that it is the car his dad drove when he was a young boy. She realises the sentiment to the other person and so sells it,,,,,,,,,,,,,,1,,1,,1,,,1,
3349,0.76688863,5f5ceedfda1b6250b6346110,5788d88416a091000112be18,APPROVED,53:45.7,16:03.6,1337.892,54,09:42.4,3833C7F5,United Kingdom,Female,17,"Sep 12, 2020 11:53:48 am","Sep 12, 2020 12:16:01 pm",Complete,,,,English,,1599926028_5f5cef0c713891.98085298,negative,absent,5788d88416a091000112be18,lucy_loan.response,lucy_loan,response,She buys a new car anyway. The car dealer gives her next to nothing for her old car and sells it for a fortune as it was previously owned by a famous celebrity.,,,,1,,,,,,,,,,,,,1,1,,1,,
3313,0.05656202,5f5bc4e59b6b83360c48a5cb,5f1968d176ea4f02a1729bdc,APPROVED,41:48.0,51:10.5,562.504,26,58:53.5,40D80FA4,United Kingdom,Female,29,"Sep 11, 2020 2:41:50 pm","Sep 11, 2020 2:51:08 pm",Complete,,,,English,,1599849710_5f5bc4ee7447f5.64887714,negative,present,5f1968d176ea4f02a1729bdc,lucy_loan.response,lucy_loan,response,"Her old, valuabel car is stolen as used as a getaway vehicle.",,,,,1,,,,,,,,,,1,,,1,,,1,
3331,0.809840077,5f5bc5f92be30c35fe4f07e1,5d88dec3439d210016835821,APPROVED,46:24.0,54:38.5,494.505,19,59:29.6,40D80FA4,United Kingdom,Male,52,"Sep 11, 2020 2:46:25 pm","Sep 11, 2020 2:54:35 pm",Complete,,,,English,,1599849985_5f5bc6019efdc8.22763330,negative,present,5d88dec3439d210016835821,lucy_loan.response,lucy_loan,response,A newer model of her previous car happens to be in the dealership,,,,,1,,,,,,,,,,,,1,1,,,1,
3361,0.28351098,5f5cefc673b82750a763b452,5f1055d8feea71011f2e5777,APPROVED,56:58.8,20:39.3,1420.533,52,10:07.1,3833C7F5,United Kingdom,Male,23,"Sep 12, 2020 11:57:01 am","Sep 12, 2020 12:20:35 pm",Complete,,,,English,,1599926221_5f5cefcdb9dc43.92597980,negative,absent,5f1055d8feea71011f2e5777,lucy_loan.response,lucy_loan,response,Lucy decides to keep her old car after all.,,,,,,,,,,,,,1,,,,1,1,,1,,
3395,0.381134105,5f5b8c4c46c58b2e9ac2aab0,5e5930b7b2b1bf13a2dcc74a,APPROVED,40:20.9,45:49.7,328.741,30,40:04.7,510FA8B2,United Kingdom,Female,3,"Sep 11, 2020 10:40:23 am","Sep 11, 2020 10:45:47 am",Complete,,,,English,,1599835223_5f5b8c5715e730.51611116,positive,absent,5e5930b7b2b1bf13a2dcc74a,lucy_loan.response,lucy_loan,response,We buy any car contacts her and phillip Scholefield takes her car away for more money,,,,,1,,,,,,,,,,,,1,1,,,1,
3306,0.937717412,5f5bc47fc40c04365f0192c6,5ea178df379a6e02ab6c726f,APPROVED,39:59.7,50:23.7,624.058,45,58:38.3,40D80FA4,United Kingdom,Male,22,"Sep 11, 2020 2:40:03 pm","Sep 11, 2020 2:50:21 pm",Complete,,,,English,,1599849602_5f5bc482f12e33.91787923,negative,present,5ea178df379a6e02ab6c726f,lucy_loan.response,lucy_loan,response,Lucy keeps the old car but buys a new one as well,,,,,,,,,,,,,1,,,1,,1,,1,,
3334,0.030948768,5f5bc606d9799436b0249349,5bd7b4053dac81000124b592,APPROVED,50:01.2,16:45.5,1604.296,37,59:35.6,40D80FA4,Ireland,Female,56,"Sep 11, 2020 2:50:04 pm","Sep 11, 2020 3:16:41 pm",Complete,,,,English,,1599850204_5f5bc6dccc0a91.73138587,negative,present,5bd7b4053dac81000124b592,lucy_loan.response,lucy_loan,response,"It turns out it is not actually her car to sell. It is perhaps her parents, and she does not apreciate that it is an okd classic car. ",,,,,1,,,,,,,,,,,,1,1,,1,,
3440,0.638254163,5f5b8fdf55ee7f2e87cb8b61,5f5158c1573b9938ed97d812,APPROVED,55:29.3,21:38.0,1568.751,32,41:32.6,510FA8B2,United Kingdom,Female,54,"Sep 11, 2020 10:55:32 am","Sep 11, 2020 11:21:31 am",Complete,,,,English,,1599836132_5f5b8fe4548611.39472557,positive,absent,5f5158c1573b9938ed97d812,lucy_loan.response,lucy_loan,response,Someone sees her car and loves it ,,,,,1,,,,,,,,,,,1,,1,,,1,
3491,0.330349218,5f5b66deec0fc207a3728c68,5f2140c8d3eb49000a833723,APPROVED,00:43.7,10:25.8,582.067,26,16:47.9,4DE9B385,United Kingdom,Female,39,"Sep 11, 2020 8:00:47 am","Sep 11, 2020 8:10:23 am",Complete,,,,English,,1599825647_5f5b66ef47cc89.62550820,positive,present,5f2140c8d3eb49000a833723,lucy_loan.response,lucy_loan,response,she is scammed by the car dealer and looses all her money and ends up with no car,,,,1,,,,,,,,,,,1,,,1,,,1,
3386,0.136819409,5f5cf0f89f8bd9500d980401,5f502f77b2c26c1a4d6a7e59,APPROVED,02:03.6,31:27.4,1763.798,22,10:59.4,3833C7F5,United Kingdom,Male,57,"Sep 12, 2020 12:22:19 pm","Sep 12, 2020 12:31:23 pm",Complete,,,,English,,1599927739_5f5cf5bb180015.22074497,negative,absent,5f502f77b2c26c1a4d6a7e59,lucy_loan.response,lucy_loan,response,Her car is not worth much so she is upset because she had an emotional connection with it,,,,,1,,,,,,,,,,1,,,1,,,1,
3461,0.502703178,5f5b655a814f6b07f79a0095,5f523ba1c2e4fb4a54dc9fa0,APPROVED,54:05.1,03:17.5,552.336,39,15:27.7,4DE9B385,United Kingdom,Male,11,"Sep 11, 2020 7:54:07 am","Sep 11, 2020 8:03:12 am",Complete,,,,English,,1599825247_5f5b655f6ef7a8.13694956,positive,present,5f523ba1c2e4fb4a54dc9fa0,lucy_loan.response,lucy_loan,response,Her new car breaks down as she leaves the garage,,,1,,,,,,,,,,,,1,,,1,,,1,
3396,0.151404033,5f5b8c78de3d542e1caae208,5de3d947e0a5173e4005da88,APPROVED,41:01.3,47:44.7,403.385,24,40:06.7,510FA8B2,United Kingdom,Female,5,"Sep 11, 2020 10:41:03 am","Sep 11, 2020 10:47:42 am",Complete,,,,English,,1599835263_5f5b8c7f4f7cb3.62405661,positive,absent,5de3d947e0a5173e4005da88,lucy_loan.response,lucy_loan,response,Lucy decides to keep her car. ,,,,,,,,,,,,,1,,,,1,1,,1,,
3496,0.554228659,5f5b6779291dc62838384bee,5e4adfc1aaef1b02a763644d,APPROVED,03:10.1,10:38.6,448.506,19,16:55.2,4DE9B385,United Kingdom,Female,47,"Sep 11, 2020 8:03:12 am","Sep 11, 2020 8:10:32 am",Complete,,,,English,,1599825792_5f5b678062c986.05745842,positive,present,5e4adfc1aaef1b02a763644d,lucy_loan.response,lucy_loan,response,She is able to get enough money from her old car to pay for the new one - doesn't need to take out loan,,,,,,,,,,,,1,,,,1,,1,,,,1
3323,0.608638136,5f5bc5bdef2d8e35e4b1bfef,5e4b550cbc830a0625f5ceff,APPROVED,45:24.4,59:49.5,865.105,26,59:13.1,40D80FA4,United States,Male,39,"Sep 11, 2020 2:45:26 pm","Sep 11, 2020 2:59:47 pm",Complete,,,,English,,1599849926_5f5bc5c68d9283.31847600,negative,present,5e4b550cbc830a0625f5ceff,lucy_loan.response,lucy_loan,response,The dealer buys her old car for more than she was asking for and gives her a deal on a new car.,,,,,,,,,,,,1,,,,1,,1,,,1,
3348,0.510772247,5f5ceeafe585c35079889d0d,5f262b0122a12035d4175b44,APPROVED,52:19.9,06:34.0,854.04,21,09:40.6,3833C7F5,United States,Female,13,"Sep 12, 2020 11:52:22 am","Sep 12, 2020 12:06:30 pm",Complete,,,,English,,1599925942_5f5ceeb60d3031.77222863,negative,absent,5f262b0122a12035d4175b44,lucy_loan.response,lucy_loan,response,The bank denies her loan so she must keep her old car,1,,,,,,,,,,,,,,1,,,1,,,,1
3425,0.845818461,5f5b8f123ce5862eaf254afe,5f440cbd4463740faa78d767,APPROVED,53:33.1,06:18.1,765.029,42,41:04.9,510FA8B2,United Kingdom,Male,39,"Sep 11, 2020 10:53:36 am","Sep 11, 2020 11:06:16 am",Complete,,,,English,,1599836016_5f5b8f704f7af4.00547853,positive,absent,5f440cbd4463740faa78d767,lucy_loan.response,lucy_loan,response,She sell the car privately for more money.,,,,,,,,1,,,,,,,,1,,1,,1,,
3297,0.739935809,5f5bc3863c138636b64f0259,56163e6e7ffc8a0005812df2,APPROVED,35:55.9,44:33.9,518.062,42,58:20.7,40D80FA4,United Kingdom,Female,13,"Sep 11, 2020 2:35:59 pm","Sep 11, 2020 2:44:30 pm",Complete,,,,English,,1599849359_5f5bc38f1f8e01.10916955,negative,present,56163e6e7ffc8a0005812df2,lucy_loan.response,lucy_loan,response,she wins the lottery and has a new car and is able to keep the old one,,,,,,,,,1,,,,,,,1,,1,,,1,
3452,0.428395755,5f5b648a10ec482868f3e7d0,5bccc1c50f10750001d7d693,APPROVED,50:46.6,57:32.3,405.721,24,15:08.5,4DE9B385,United Kingdom,Female,5,"Sep 11, 2020 7:50:49 am","Sep 11, 2020 7:57:30 am",Complete,,,,English,,1599825049_5f5b649949cfe7.45042199,positive,present,5bccc1c50f10750001d7d693,lucy_loan.response,lucy_loan,response,She gets more than thousands for the car. ,,,,,,,,1,,,,,,,,1,,1,,,1,
3473,0.069068441,5f5b65f6d6397f0799604e4e,56c22e040a25f1000ae56894,APPROVED,56:44.7,05:15.4,510.764,38,16:10.0,4DE9B385,Ireland,Female,27,"Sep 11, 2020 7:56:48 am","Sep 11, 2020 8:05:12 am",Complete,,,,English,,1599825408_5f5b66001a24d4.29993396,positive,present,56c22e040a25f1000ae56894,lucy_loan.response,lucy_loan,response,Lucy crashes her car on the way home,,1,,,,,,,,,,,,,1,,,1,,1,,
3370,0.934003722,5f5cf026766c6f0b7154d628,5abea1621667e40001d82af2,APPROVED,58:35.4,10:10.9,695.528,36,10:25.9,3833C7F5,United Kingdom,Female,33,"Sep 12, 2020 11:58:37 am","Sep 12, 2020 12:10:09 pm",Complete,,,,English,,1599926317_5f5cf02d237656.59801427,negative,absent,5abea1621667e40001d82af2,lucy_loan.response,lucy_loan,response,She got a massive raise at work and was able to keep the old car and get a new one,,,,,,,,,,,,,1,,,1,,1,,1,,
3462,0.042747701,5f5b6568332910294f46d699,5e1b21bd07c9c73546a11776,APPROVED,54:18.8,01:08.4,409.569,43,15:29.8,4DE9B385,United Kingdom,Female,10,"Sep 11, 2020 7:54:22 am","Sep 11, 2020 8:01:06 am",Complete,,,,English,,1599825262_5f5b656e28ca35.63881166,positive,present,5e1b21bd07c9c73546a11776,lucy_loan.response,lucy_loan,response,Lucy makes a lot of money by selling her car,,,,,,,,1,,,,,,,,1,,1,,1,,
3377,0.575173401,5f5cf06ff0fc870ad60e2f61,5f0daa621b71130009e9b969,APPROVED,59:49.6,06:08.0,378.364,48,10:40.7,3833C7F5,United Kingdom,Female,41,"Sep 12, 2020 11:59:51 am","Sep 12, 2020 12:06:05 pm",Complete,,,,English,,1599926391_5f5cf077774ff2.12118617,negative,absent,5f0daa621b71130009e9b969,lucy_loan.response,lucy_loan,response,She decides to keep her old car as well as but her new one,,,,,,,,,,,,,1,,,1,,1,,1,,
3394,0.07476082,5f5b8c47be18672e38687421,5f52c34dbc9a931b2df43460,APPROVED,40:13.9,04:35.5,1461.618,25,40:02.9,510FA8B2,United States,Female,6,"Sep 11, 2020 10:41:46 am","Sep 11, 2020 11:04:21 am",Complete,,,,English,,1599835306_5f5b8caa0ff628.24387887,positive,absent,5f52c34dbc9a931b2df43460,lucy_loan.response,lucy_loan,response,She couldn't get the loan for a new car from the bank,1,,,,,,,,,,,,,,1,,,1,,,,1
3493,0.223596061,5f5b66ef6911870730e2e6a9,5e42855a6cc37110b1c4371e,APPROVED,00:47.5,11:03.6,616.082,34,16:52.0,4DE9B385,Ireland,Female,40,"Sep 11, 2020 8:00:50 am","Sep 11, 2020 8:11:02 am",Complete,,,,English,,1599825650_5f5b66f28b33f4.25503508,positive,present,5e42855a6cc37110b1c4371e,lucy_loan.response,lucy_loan,response,The engine of the new car falls out,,,1,,,,,,,,,,,,1,,,1,,,1,
3449,0.741039823,5f5b63aa5259ed28e139fff0,5c802134433e2d00172ac5d1,APPROVED,46:53.4,52:17.4,324.032,22,15:02.7,4DE9B385,United Kingdom,Female,2,"Sep 11, 2020 7:46:54 am","Sep 11, 2020 7:52:14 am",Complete,,,,English,,1599824814_5f5b63aeb478a4.21186435,positive,present,5c802134433e2d00172ac5d1,lucy_loan.response,lucy_loan,response,She gets an offer for even more money,,,,,,,,1,,,,,,,,1,,,1,,1,
3403,0.254293599,5f5b8de78f94512e048f062f,5e6b9983d4948e1491e34553,APPROVED,47:03.8,59:52.7,768.971,21,40:20.3,510FA8B2,United Kingdom,Male,20,"Sep 11, 2020 10:47:05 am","Sep 11, 2020 10:59:51 am",Complete,,,,English,,1599835625_5f5b8de9b0b720.78518854,positive,absent,5e6b9983d4948e1491e34553,lucy_loan.response,lucy_loan,response,Someone else at the dealership offered to buy her car from her in cash,,,,,,,,1,,,,,,,,1,,1,,,1,
3412,0.755459051,5f5b8e5974d6fd0d1e0a37c4,5c5f61170a2a3c000123dc45,APPROVED,49:03.2,02:09.3,786.18,52,40:38.1,510FA8B2,United Kingdom,Female,19,"Sep 11, 2020 10:49:06 am","Sep 11, 2020 11:02:05 am",Complete,,,,English,,1599835745_5f5b8e61e6e0e4.29555164,positive,absent,5c5f61170a2a3c000123dc45,lucy_loan.response,lucy_loan,response,no idea,,,,,1,,,,,,,,,,,,1,,1,,,1
3497,0.741743347,5f5b6785fcfd0828b993d6ac,59a1afb2fc0caa0001121c0c,APPROVED,03:22.2,17:04.1,821.893,39,16:56.4,4DE9B385,United Kingdom,Female,51,"Sep 11, 2020 8:03:23 am","Sep 11, 2020 8:17:01 am",Complete,,,,English,,1599825803_5f5b678bb8ce51.76651779,positive,present,59a1afb2fc0caa0001121c0c,lucy_loan.response,lucy_loan,response,She no longer needs the bank loan as the money from the sell of her old car will cover the cost of the new car she's fallen in love with.,,,,,,,,1,,,,,,,,1,,1,,,1,
3308,0.515801158,5f5bc4995b5eb43683559a08,5af5d34e25561e00013ab3d7,APPROVED,41:45.6,02:45.1,1259.543,54,58:42.1,40D80FA4,United Kingdom,Female,35,"Sep 11, 2020 2:41:47 pm","Sep 11, 2020 3:02:43 pm",Complete,,,,English,,1599849707_5f5bc4eb209680.45630015,negative,present,5af5d34e25561e00013ab3d7,lucy_loan.response,lucy_loan,response,the dealer offers her very good price for it and she can get the car she really likes,,,,,,,,1,,,,,,,,1,,1,,,1,
3451,0.88348771,5f5b646bf7a8c729929e42cf,5f0f226b649b4d06a15e63b8,APPROVED,50:07.0,57:10.6,423.578,46,15:06.9,4DE9B385,United Kingdom,Female,4,"Sep 11, 2020 7:50:08 am","Sep 11, 2020 7:57:08 am",Complete,,,,English,,1599825008_5f5b6470cf2588.26848925,positive,present,5f0f226b649b4d06a15e63b8,lucy_loan.response,lucy_loan,response,A bird pooed on her new car on the way home.,,,,,1,,,,,,,,,,1,,,1,,,1,
3316,0.068878301,5f5bc53e033f6436877fa6cf,5eb08db7b7c2711420b70629,APPROVED,43:10.6,53:32.8,622.199,24,58:59.7,40D80FA4,Ireland,Male,45,"Sep 11, 2020 2:43:13 pm","Sep 11, 2020 2:53:31 pm",Complete,,,,English,,1599849793_5f5bc541af0050.58149338,negative,present,5eb08db7b7c2711420b70629,lucy_loan.response,lucy_loan,response,"She sells the car and realises she got scammed, in actual fact, the car is worth a lot more then what she sold it for ",,,,1,,,,,,,,,,,1,,,1,,,,1
3291,0.131804849,5f5bc2e228e7913657a6f586,57719c19b425c40001433b1f,APPROVED,33:12.6,54:12.6,1259.944,24,58:08.7,40D80FA4,United Kingdom,Female,7,"Sep 11, 2020 2:33:16 pm","Sep 11, 2020 2:54:08 pm",Complete,,,,English,,1599849196_5f5bc2eca81b85.66670942,negative,present,57719c19b425c40001433b1f,lucy_loan.response,lucy_loan,response,someone who loves classic cars contacts her and offers to restore the car for her,,,,,1,,,,,,,,,,,1,,1,,,1,
3359,0.780904563,5f5cef9ba15e3f50500614ab,5e9a162fc140d109fe1a4618,APPROVED,56:14.2,09:05.1,770.902,23,10:03.3,3833C7F5,United Kingdom,Male,27,"Sep 12, 2020 11:56:29 am","Sep 12, 2020 12:08:58 pm",Complete,,,,English,,1599926189_5f5cefad9f1d65.29123744,negative,absent,5e9a162fc140d109fe1a4618,lucy_loan.response,lucy_loan,response,she decides to keep the old car instead,,,,,,,,,,,,,1,,,,1,1,,1,,
3300,0.78234421,5f5bc3a6fcfd0835f1518096,5b942e793fe4370001e627e0,APPROVED,37:49.5,41:38.5,228.979,66,58:26.9,733C401E,United Kingdom,Male,36,"Sep 11, 2020 2:42:03 pm","Sep 11, 2020 3:16:27 pm",Complete,,,,English,,1599849723_5f5bc4fb41b4c1.43770047,negative,present,5b942e793fe4370001e627e0,lucy_loan.response,lucy_loan,response,"Another customer, setting out on a test drive backed into her old car and dented it.",,1,,,,,,,,,,,,,1,,,1,,,1,
3434,0.52775652,5f5b8f8b67e28b2e7a9194e2,5b588565115d17000113f81e,APPROVED,54:11.8,07:37.3,805.546,24,41:20.7,510FA8B2,United Kingdom,Female,41,"Sep 11, 2020 10:54:15 am","Sep 11, 2020 11:07:35 am",Complete,,,,English,,1599836055_5f5b8f972d9761.01259450,positive,absent,5b588565115d17000113f81e,lucy_loan.response,lucy_loan,response,She goes to a more independent shop and they actually tell her her car has parts that aren't made anymore and so worth quite a bit of money so she manages to make at least a little bit off profit off it. And she goes to a new dealership for a new car. ,,,,,,,,1,,,,,,,,1,,1,,1,,
3438,0.272243448,5f5b8fc36962d20c5f66eb2c,55a14418fdf99b6ec83c244f,APPROVED,55:03.7,03:28.6,504.851,39,41:28.6,510FA8B2,United Kingdom,Female,46,"Sep 11, 2020 10:55:06 am","Sep 11, 2020 11:03:25 am",Complete,,,,English,,1599836106_5f5b8fca2fe2f4.41238896,positive,absent,55a14418fdf99b6ec83c244f,lucy_loan.response,lucy_loan,response,Another person in the car lot walks up to her and offers her a lot of money for her old car.,,,,,,,,1,,,,,,,,1,,1,,,1,
3358,0.760149965,5f5cef8e28e7915043b0cfaf,5c1c1e7fdbc4da000164934f,APPROVED,56:04.3,02:57.1,412.773,27,10:01.1,3833C7F5,United Kingdom,Female,22,"Sep 12, 2020 11:56:06 am","Sep 12, 2020 12:02:55 pm",Complete,,,,English,,1599926166_5f5cef964616a2.31053366,negative,absent,5c1c1e7fdbc4da000164934f,lucy_loan.response,lucy_loan,response,Someone buys the old car,,,,,,,,1,,,,,,,,1,,1,,,1,
3455,0.298055484,5f5b64d0377849287d55c04d,5c4b9e94ad466000019101d6,APPROVED,51:47.8,05:01.9,794.177,19,15:15.3,4DE9B385,United Kingdom,Female,7,"Sep 11, 2020 7:51:49 am","Sep 11, 2020 8:05:00 am",Complete,,,,English,,1599825109_5f5b64d569e992.94944504,positive,present,5c4b9e94ad466000019101d6,lucy_loan.response,lucy_loan,response,ends up getting paid millions for her old car ,,,,,,,,1,,,,,,,,1,,1,,,1,
3328,0.933916254,5f5bc5ebe2534b35c9a08b22,5f4a5983a08b215d74d2cd99,APPROVED,46:03.6,00:05.3,841.706,25,59:23.1,40D80FA4,United Kingdom,Male,47,"Sep 11, 2020 2:46:32 pm","Sep 11, 2020 3:00:01 pm",Complete,,,,English,,1599849992_5f5bc60832ff99.36860588,negative,present,5f4a5983a08b215d74d2cd99,lucy_loan.response,lucy_loan,response,"While pondering the sentimental value of her car, she fails to see the oncoming traffic and totals her 'classic' car. Lucy realises that hindsight is a wonderful thing.",,1,,,,,,,,,,,,,1,,,1,,1,,
3503,0.174485573,5f5b8279a9ba112c2644ea21,57fcf3770fc1ce0001f03aaa,APPROVED,58:19.7,03:01.9,282.235,30,17:03.1,4DE9B385,United Kingdom,Female,58,"Sep 11, 2020 9:58:21 am","Sep 11, 2020 10:03:00 am",Complete,,,,English,,1599832701_5f5b827d31cca8.03181250,positive,present,57fcf3770fc1ce0001f03aaa,lucy_loan.response,lucy_loan,response,The new car breaks down ,,,1,,,,,,,,,,,,1,,,1,,,1,
3459,0.84686632,5f5b653da5d80827ab014ce4,5c631c65787ee80001ffba5e,APPROVED,53:37.9,08:52.7,914.781,48,15:23.6,4DE9B385,United Kingdom,Female,12,"Sep 11, 2020 7:53:55 am","Sep 11, 2020 8:08:49 am",Complete,,,,English,,1599825235_5f5b65534fc858.61417286,positive,present,5c631c65787ee80001ffba5e,lucy_loan.response,lucy_loan,response,she gets the loan to improve her original car.,,,,,,,,,,1,,,,,,1,,1,,,,1
3484,0.855210695,5f5b669ad97994295e74b4d3,5d3a12fa3bc59d0001b05812,APPROVED,02:30.0,43:42.5,2472.428,61,16:33.9,4DE9B385,United Kingdom,Female,48,"Sep 11, 2020 8:02:33 am","Sep 11, 2020 8:43:38 am",Complete,,,,English,,1599825753_5f5b67591feef0.25113759,positive,present,5d3a12fa3bc59d0001b05812,lucy_loan.response,lucy_loan,response,Lucy is so surprised that she falls to the ground and bangs her head.,,,,,1,,,,,,,,,,1,,,,1,,,1
3445,0.539081614,5f5ba3f5033f64314701058d,5d49cec82c271d0001bbb252,APPROVED,21:13.2,27:38.6,385.452,23,41:42.5,510FA8B2,United Kingdom,Male,59,"Sep 11, 2020 12:21:14 pm","Sep 11, 2020 12:27:37 pm",Complete,,,,English,,1599841274_5f5ba3fa6eda42.97559004,positive,absent,5d49cec82c271d0001bbb252,lucy_loan.response,lucy_loan,response,The car dealer offers her a penny for her old car,,,,,1,,,,,,,,,,1,,,1,,,1,
3489,0.528678953,5f5b66ccf18ff20780af532b,595e7974af78da0001a21c3a,APPROVED,00:16.1,21:56.3,1300.171,44,16:44.0,4DE9B385,United Kingdom,Female,36,"Sep 11, 2020 8:00:18 am","Sep 11, 2020 8:21:53 am",Complete,,,,English,,1599825617_5f5b66d1f418e6.95750350,positive,present,595e7974af78da0001a21c3a,lucy_loan.response,lucy_loan,response,She gets enough money to buy a  new car outright from selling her old car,,,,,,,,1,,,,,,,,1,,1,,1,,
3355,0.794594241,5f5cef62a15e3f50500614aa,5eb6d725d573b55d52905dea,APPROVED,55:21.0,04:11.8,530.799,29,09:55.0,3833C7F5,United Kingdom,Male,21,"Sep 12, 2020 11:55:22 am","Sep 12, 2020 12:04:08 pm",Complete,,,,English,,1599926122_5f5cef6a657751.86655200,negative,absent,5eb6d725d573b55d52905dea,lucy_loan.response,lucy_loan,response,"Someone else in the car showroom is desperate for Lucy's car, and offers to buy it from her for way more than it's worth.",,,,,,,,1,,,,,,,,1,,1,,,1,
3347,0.699939462,5f5ceea94cddcc4fd7cf85d0,5b5f23420085cb0001872849,APPROVED,52:13.4,58:31.1,377.784,25,09:38.4,3833C7F5,United Kingdom,Female,11,"Sep 12, 2020 11:52:14 am","Sep 12, 2020 11:58:27 am",Complete,,,,English,,1599925934_5f5ceeaec570b5.85743875,negative,absent,5b5f23420085cb0001872849,lucy_loan.response,lucy_loan,response,She wins the lottery.,,,,,,,,,1,,,,,,,1,,,1,,1,
3320,0.429721777,5f5bc56876b36636cc45410f,5e9b6317fab83b069d085560,APPROVED,43:53.8,48:17.1,263.302,20,59:07.3,40D80FA4,United Kingdom,Male,33,"Sep 11, 2020 2:43:55 pm","Sep 11, 2020 2:48:15 pm",Complete,,,,English,,1599849835_5f5bc56bb04210.70946207,negative,present,5e9b6317fab83b069d085560,lucy_loan.response,lucy_loan,response,She refuses to sell because of emotional reasons,,,,,,,,,,,,,1,,,,1,1,,1,,
3303,0.539852774,5f5bc414d99525367aaf6936,5873b2d22bd3c90001859b76,APPROVED,38:16.8,53:48.2,931.413,41,58:32.8,40D80FA4,United Kingdom,Male,17,"Sep 11, 2020 2:38:18 pm","Sep 11, 2020 2:53:46 pm",Complete,,,,English,,1599849498_5f5bc41aa1efb7.17305624,negative,present,5873b2d22bd3c90001859b76,lucy_loan.response,lucy_loan,response,She decides to keep her old car.,,,,,,,,,,,,,1,,,,1,1,,1,,
3405,0.554988773,5f5b8e17b4ff950c45d4965b,5f062682437e3d15508d5341,APPROVED,48:10.3,13:07.4,1497.049,65,40:23.9,510FA8B2,United Kingdom,Male,15,"Sep 11, 2020 10:48:13 am","Sep 11, 2020 11:13:03 am",Complete,,,,English,,1599835693_5f5b8e2d7a9876.23815515,positive,absent,5f062682437e3d15508d5341,lucy_loan.response,lucy_loan,response,The car dealer offered to knock some money off the new car even though her old car was worthless. ,,,,,,,,,,,,1,,,,1,,1,,,1,
3436,0.725774767,5f5b8fac54e29c2e62f93a6e,5ed7f8500e41402d24c455e7,APPROVED,54:45.0,25:02.2,1817.17,23,41:24.5,510FA8B2,United Kingdom,Female,42,"Sep 11, 2020 10:54:46 am","Sep 11, 2020 11:25:00 am",Complete,,,,English,,1599836086_5f5b8fb6b227f1.36925213,positive,absent,5ed7f8500e41402d24c455e7,lucy_loan.response,lucy_loan,response,she won the lottery,,,,,,,,,1,,,,,,,1,,,1,,1,
3471,0.129150136,5f5b65e1feaaf928d7de77df,5f2aa1a87bf471304a994dff,APPROVED,56:27.9,04:40.2,492.326,30,16:05.8,4DE9B385,United Kingdom,Female,24,"Sep 11, 2020 7:56:37 am","Sep 11, 2020 8:04:39 am",Complete,,,,English,,1599825397_5f5b65f587ee38.06918633,positive,present,5f2aa1a87bf471304a994dff,lucy_loan.response,lucy_loan,response,on her way home from the car dealership she crashes her new car,,1,,,,,,,,,,,,,1,,,1,,1,,
3495,0.53690285,5f5b675555ee7f2986ad534c,5360c37cfdf99b02ccc08fcb,APPROVED,02:31.8,14:55.4,743.582,28,16:54.1,4DE9B385,United Kingdom,Female,43,"Sep 11, 2020 8:02:34 am","Sep 11, 2020 8:14:53 am",Complete,,,,English,,1599825754_5f5b675a04d780.46965082,positive,present,5360c37cfdf99b02ccc08fcb,lucy_loan.response,lucy_loan,response,Lucy decides to keep her old car as she didn't realise its value. ,,,,,,,,,,,,,1,,,1,,1,,1,,
3351,0.404081242,5f5cef114e9b77507940c037,55bbf175fdf99b47c7d10a22,APPROVED,53:57.0,04:51.6,654.655,27,09:46.5,3833C7F5,United Kingdom,Male,15,"Sep 12, 2020 11:53:58 am","Sep 12, 2020 12:04:49 pm",Complete,,,,English,,1599926038_5f5cef164d0aa2.44179562,negative,absent,55bbf175fdf99b47c7d10a22,lucy_loan.response,lucy_loan,response,"Lucy can't bare to sell her car. She pulls out of the sale, and decides not to get a new car. She then uses the loan to make some repairs to her old car, and spends the rest on a holiday",,,,,,,,,,,,,1,,,,1,1,,1,,
3502,0.981309709,5f5b8277edd1f72c084730d3,5efcd984f7176d0e6a59dd17,APPROVED,58:15.5,07:33.8,558.259,33,17:01.4,4DE9B385,United Kingdom,Female,59,"Sep 11, 2020 9:58:18 am","Sep 11, 2020 10:07:32 am",Complete,,,,English,,1599832698_5f5b827a850e54.39365824,positive,present,5efcd984f7176d0e6a59dd17,lucy_loan.response,lucy_loan,response,The loan falls through,1,,,,,,,,,,,,,,1,,,1,,,,1
3400,0.193849069,5f5b8dd12700562db3ad90b5,5e21d4156ebb72000df49f65,APPROVED,46:43.3,53:07.3,383.994,27,40:14.5,510FA8B2,United Kingdom,Female,9,"Sep 11, 2020 10:46:44 am","Sep 11, 2020 10:53:05 am",Complete,,,,English,,1599835604_5f5b8dd4d91a06.47265871,positive,absent,5e21d4156ebb72000df49f65,lucy_loan.response,lucy_loan,response,she is refused a loan,1,,,,,,,,,,,,,,1,,,1,,,,1
3383,0.663475625,5f5cf0d3efcdae500e1e7cbe,5a86e1a4eea3d300016e7981,APPROVED,01:28.3,11:03.6,575.25,42,10:53.0,3833C7F5,United Kingdom,Female,46,"Sep 12, 2020 12:01:29 pm","Sep 12, 2020 12:10:59 pm",Complete,,,,English,,1599926489_5f5cf0d9d4f5d0.14906376,negative,absent,5a86e1a4eea3d300016e7981,lucy_loan.response,lucy_loan,response,She wins a brand new car in a competition that she entered ,,,,,,,,,,,1,,,,,1,,1,,,1,
3301,0.431430926,5f5bc3cb66811136732c0a16,5eea2fdaa3634e0c0787e9fc,APPROVED,37:09.8,51:42.5,872.693,19,58:28.7,40D80FA4,United Kingdom,Female,15,"Sep 11, 2020 2:37:12 pm","Sep 11, 2020 2:51:38 pm",Complete,,,,English,,1599849432_5f5bc3d842dc60.62876022,negative,present,5eea2fdaa3634e0c0787e9fc,lucy_loan.response,lucy_loan,response,I think she keeps ends up being convinced to keep her old one.,,,,,,,,,,,,,1,,,,1,,1,1,,
3382,0.829433454,5f5cf0c76a1f025189b58a99,5ea33c4876aac42ade7bee42,APPROVED,01:13.7,09:47.8,514.147,39,10:51.1,3833C7F5,United Kingdom,Male,45,"Sep 12, 2020 12:01:15 pm","Sep 12, 2020 12:09:46 pm",Complete,,,,English,,1599926475_5f5cf0cb7bfa08.86950173,negative,absent,5ea33c4876aac42ade7bee42,lucy_loan.response,lucy_loan,response,"Her old car, possessed by the spirit of vengeance, crushes Lucy against a wall.",,,,,,1,,,,,,,,,1,,,1,,,1,
3345,0.369741742,5f5cee552e200e0ae343841f,5e5254e98564972649a270c2,APPROVED,50:50.4,08:13.2,1042.798,33,09:34.2,3833C7F5,United Kingdom,Female,9,"Sep 12, 2020 11:50:52 am","Sep 12, 2020 12:08:11 pm",Complete,,,,English,,1599925852_5f5cee5c0422b7.33304047,negative,absent,5e5254e98564972649a270c2,lucy_loan.response,lucy_loan,response,She kept her car because of sentimental reason. ,,,,,,,,,,,,,1,,,1,,1,,1,,
3411,0.736183167,5f5b8e2ea5a7ae2e779a52f0,5c484b16c41b2a000183c837,APPROVED,48:18.2,05:02.6,1004.417,34,40:35.7,510FA8B2,United Kingdom,Male,18,"Sep 11, 2020 10:48:20 am","Sep 11, 2020 11:05:00 am",Complete,,,,English,,1599835700_5f5b8e34122b37.47798905,positive,absent,5c484b16c41b2a000183c837,lucy_loan.response,lucy_loan,response,lewis hamilton arrives in a merc and gifts it to lucy,,,,,,,,,,,1,,,,,1,,,1,,1,
3435,0.454982288,5f5b8fa9f233b42f70e25d95,5d39bb499f4f3f00158298f2,APPROVED,56:10.8,01:05.1,294.297,37,41:22.6,510FA8B2,United Kingdom,Female,52,"Sep 11, 2020 10:56:12 am","Sep 11, 2020 11:00:58 am",Complete,,,,English,,1599836172_5f5b900c8caf03.22669113,positive,absent,5d39bb499f4f3f00158298f2,lucy_loan.response,lucy_loan,response,The dealer offers it to her for a reasonable price.,,,,,,,,,,,,1,,,,1,,1,,,1,
3333,0.646385341,5f5bc600d1be8b14f3b8ec71,5d55a0f63af827001981b8d6,APPROVED,46:32.7,54:34.4,481.777,53,59:33.6,40D80FA4,United Kingdom,Female,49,"Sep 11, 2020 2:46:34 pm","Sep 11, 2020 2:54:29 pm",Complete,,,,English,,1599849994_5f5bc60ab06406.35080168,negative,present,5d55a0f63af827001981b8d6,lucy_loan.response,lucy_loan,response,She wins some money so doesn't have to sell the car.,,,,,,,,,1,,,,,,,1,,1,,,,1